,Country Name,Country Code,Indicator Name,Indicator Code,1960,1961,1962,1963,1964,1965,1966,1967,1968,1969,1970,1971,1972,1973,1974,1975,1976,1977,1978,1979,1980,1981,1982,1983,1984,1985,1986,1987,1988,1989,1990,1991,1992,1993,1994,1995,1996,1997,1998,1999,2000,2001,2002,2003,2004,2005,2006,2007,2008,2009,2010,2011,2012,2013,2014,2015,2016,2017,2018,Unnamed: 63
0,Burkina Faso,BFA,Crop production index (2004-2006 = 100),AG.PRD.CROP.XD,,17.0,19.42,19.42,21.76,20.85,22.13,22.95,25.06,24.19,24.11,21.79,21.73,20.57,25.37,29.22,26.14,26.37,29.22,30.98,28.08,32.2,32.42,32.13,32.49,42.54,50.81,44.69,53.05,50.12,45.89,57.42,58.48,59.77,56.61,56.62,64.45,61.83,75.0,74.18,58.86,83.53,86.34,97.11,85.37,105.61,109.02,79.81,122.83,102.98,124.01,105.42,132.04,146.62,145.03,138.12,144.9,,,
1,Burkina Faso,BFA,Cereal yield (kg per hectare),AG.YLD.CREL.KG,,408.5,477.9,473.1,522.5,485.7,495.4,452.3,625.8,484.5,516.6,444.5,461.2,436.6,488.2,558.1,499.4,528.8,576.4,580.1,569.8,576.6,568.3,514.9,589.9,708.8,699.5,641.7,726.9,672.9,600.2,876.6,871.5,936.2,787.9,851.1,916.5,704.5,889.0,912.9,856.4,967.8,942.7,996.3,940.7,1127.2,1203.9,936.1,1039.9,1002.0,1062.7,995.1,1203.0,1156.5,1225.8,1195.6,1181.4,,,
2,Burkina Faso,BFA,Agricultural land (% of land area),AG.LND.AGRI.ZS,,29.7478070175439,29.7843567251462,29.820906432748497,29.857456140350898,29.8940058479532,29.9342105263158,29.9707602339181,30.0073099415205,30.0511695906433,30.102339181286503,30.0438596491228,30.343567251462,30.6030701754386,30.8954678362573,31.1988304093567,31.3779239766082,31.5606725146199,31.743421052631604,31.9261695906433,32.108918128655,32.2916666666667,32.474415204678394,32.6571637426901,32.839912280701796,33.0226608187134,33.2054093567251,33.406432748537995,34.9561403508772,35.0877192982456,34.996345029239805,34.9049707602339,34.813596491228104,34.7222222222222,34.4700292397661,34.5394736842105,34.9049707602339,36.0014619883041,36.440058479532205,36.440058479532205,35.7090643274854,38.6330409356725,39.364035087719294,40.826023391812896,38.9985380116959,40.0950292397661,39.364035087719294,40.0950292397661,44.115497076023395,43.0190058479532,44.15204678362571,43.092105263157904,44.225146198830394,44.9561403508772,44.225146198830394,44.225146198830394,44.225146198830394,,,
3,Burkina Faso,BFA,Prevalence of undernourishment (% of population),SN.ITK.DEFC.ZS,,,,,,,,,,,,,,,,,,,,,,,,,,,,,,,,,,,,,,,,,25.4,25.6,25.8,25.6,25.3,24.9,24.2,23.6,22.7,21.9,21.2,20.7,20.3,20.2,20.3,20.8,21.3,,,
4,Burkina Faso,BFA,Consumer price index (2010 = 100),FP.CPI.TOTL,10.7133005080714,12.7019182107387,12.9147908725139,13.634687510708499,13.886264292909301,13.7848594976069,14.110748190815402,13.499223089567598,13.4605189692272,14.7602033299891,15.021843183445402,15.331476146106501,14.883282432646899,16.014990911173,17.4114355727664,20.6772892464645,18.940248325912897,24.619690943546,26.655527672995895,30.652115138535198,34.3924813274804,36.991075966636295,41.452112876175,44.83201982499371,47.0050088538346,50.25120194423679,48.9387697328474,47.6263375212922,49.6531315695681,49.413903419607706,49.1647074300655,50.2279436521121,49.2278370807498,49.5002913626491,61.9634134529494,66.58516840565761,70.64540172859729,72.2834500331878,75.9585816558613,75.1438395576924,74.91524285388971,78.6665733778311,80.378117929379,82.0134635796595,81.68522215881471,86.92536198444469,88.9534250489503,88.74827416092229,98.2086608259859,100.770116199365,100.0,102.759767248545,106.683291770574,107.25270157938499,106.97589359933501,107.997506234414,107.733167082294,108.129675810474,,
5,Burkina Faso,BFA,Refugee population by country or territory of asylum,SM.POP.REFG,,,,,,,,,,,,,,,,,,,,,,,,,,,,,,,350.0,320.0,5670.0,6604.0,49990.0,29777.0,28381.0,1801.0,564.0,675.0,696.0,457.0,457.0,466.0,492.0,511.0,511.0,535.0,557.0,543.0,531.0,546.0,39306.0,29234.0,31894.0,34017.0,32552.0,24147.0,,
6,Burkina Faso,BFA,Refugee population by country or territory of origin,SM.POP.REFG.OR,,,,,,,,,,,,,,,,,,,,,,,,,,,,,,,2.0,8.0,61.0,63.0,67.0,63.0,72.0,118.0,103.0,106.0,130.0,98.0,978.0,853.0,583.0,607.0,376.0,558.0,725.0,990.0,1145.0,1271.0,1460.0,1584.0,1857.0,2148.0,2357.0,2679.0,,
7,Burkina Faso,BFA,"Adolescent fertility rate (births per 1,000 women ages 15-19)",SP.ADO.TFRT,184.6466,182.8298,181.013,180.0,178.987,177.97400000000002,176.96099999999998,175.94799999999998,174.5826,173.2172,171.8518,170.4864,169.12099999999998,168.6388,168.1566,167.6744,167.1922,166.71,165.4536,164.1972,162.9408,161.6844,160.428,158.3778,156.3276,154.2774,152.2272,150.17700000000002,149.106,148.035,146.964,145.893,144.822,144.379,143.936,143.493,143.05,142.607,141.506,140.405,139.304,138.203,137.102,135.6118,134.1216,132.6314,131.1412,129.651,126.8024,123.9538,121.1052,118.2566,115.40799999999999,113.1922,110.9764,108.7606,106.5448,,,
8,Burkina Faso,BFA,"People using at least basic sanitation services, urban (% of urban population)",SH.STA.BASS.UR.ZS,,,,,,,,,,,,,,,,,,,,,,,,,,,,,,,,,,,,,,,,,44.1888082370687,44.1888082370687,44.441381120101205,44.693954003133705,44.946526886166204,45.1990997691986,45.4516726522311,45.7042455352635,45.956818418296,46.209391301328495,46.461964184360895,46.7145370673934,46.9671099504259,47.2196828334583,47.47225571649079,47.7248285995232,,,,
9,Burkina Faso,BFA,Population density (people per sq. km of land area),EN.POP.DNST,,17.889546783625697,18.1298464912281,18.3765387426901,18.636293859649104,18.9139985380117,19.211853070175398,19.528578216374303,19.8612609649123,20.2053143274854,20.557748538011698,20.9187902046784,21.290836988304104,21.675741959064304,22.076173245614,22.494682017543898,22.931421783625698,23.387920321637395,23.8699524853801,24.3847076023392,24.9372916666667,25.5305555555556,26.1632127192982,26.830793128655,27.5264692982456,28.245274122807,28.986454678362602,29.7517288011696,30.5420504385965,31.3590021929825,32.2040716374269,33.0777923976608,33.9806761695906,34.9140204678363,35.879342105263206,36.8782090643275,37.9120796783626,38.9822587719298,40.090365497076,41.237942251462,42.4266885964912,43.6571162280702,44.9309210526316,46.252269736842095,47.6263486842105,49.0567616959064,50.54523757309939,52.0907200292398,53.690519005847996,55.340274122806996,57.036611842105295,58.7788888888889,60.5673099415205,62.4003033625731,64.2762317251462,66.1938011695906,68.1521673976608,70.15125,,
10,Burkina Faso,BFA,Current health expenditure per capita (current US$),SH.XPD.CHEX.PC.CD,,,,,,,,,,,,,,,,,,,,,,,,,,,,,,,,,,,,,,,,,7.52564316,7.70797987,8.71375206,11.74841644,17.61220904,18.08619955,21.3547242,27.96674999,29.78364972,31.59088375,33.91081732,34.68530369,32.97102135,43.01057125,39.55127795,33.44341877,,,,
11,Burkina Faso,BFA,"Government expenditure on education, total (% of government expenditure)",SE.XPD.TOTL.GB.ZS,,,,,,,,,,,,,,,,,,,,,,,,,,,,,8.338239999999999,,,,,,19.949679999999997,,7.34018,,,,,,,,,19.49419,18.2017,17.86382,,,16.17282,19.50061,15.89538,16.16528,19.36811,18.027079999999998,,,,
12,Burkina Faso,BFA,"Presence of peace keepers (number of troops, police, and military observers in mandate)",VC.PKP.TOTL.UN,,,,,,,,,,,,,,,,,,,,,,,,,,,,,,,,,,,,,,,,,,,,,,,,,,,,,,,,,,,,
13,Burkina Faso,BFA,"Net official flows from UN agencies, IAEA (current US$)",DT.NFL.IAEA.CD,,,,,,,,,,,,,,,,,,,,,,,,,,,,,,,,,,,,,,,,,,,,,,,260000.0,360000.0,540000.0,800000.0,520000.0,190000.0,230000.0,340000.0,280000.0,330000.0,310000.0,490000.0,,
14,Burkina Faso,BFA,"Net official flows from UN agencies, IFAD (current US$)",DT.NFL.IFAD.CD,,,,,,,,,,,,,,,,,,,,,,,220000.0,1040000.0,810000.0,950000.0,1750000.0,5830000.0,1410000.0,860000.0,1690000.0,210000.0,1170000.0,-270000.0,-960000.0,1410000.0,1370000.0,1270000.0,1070000.0,2330000.0,2500000.0,3170000.0,3010000.0,3860000.0,4940000.0,5700000.0,9160000.0,5500000.0,6210000.0,3170000.0,2620000.0,2240000.0,3490000.0,1560000.0,4300000.0,3650000.0,3750000.0,7660000.0,,
15,Burkina Faso,BFA,"Net official flows from UN agencies, ILO (current US$)",DT.NFL.ILOG.CD,,,,,,,,,,,,,,,,,,,,,,,,,,,,,,,,,,,,,,,,,,,,,,,,,,,,,330000.0,340000.0,380000.0,440000.0,390000.0,270000.0,,
16,Burkina Faso,BFA,"Net official flows from UN agencies, UNAIDS (current US$)",DT.NFL.UNAI.CD,,,,,,,,,,,,,,,,,,,,,,,,,,,,,,,,,,,,,,,,,,,,,,270000.0,280000.0,540000.0,280000.0,340000.0,600000.0,780000.0,670000.0,630000.0,610000.0,650000.0,630000.0,460000.0,,
17,Burkina Faso,BFA,"Net official flows from UN agencies, UNDP (current US$)",DT.NFL.UNDP.CD,,,,,,,,,1370000.0,730000.0,1420000.0,1300000.0,1490000.0,1560000.0,1850000.0,4010000.0,4020000.0,3350000.0,3110000.0,4240000.0,6180000.0,9010000.0,11750000.0,7620000.0,8200000.0,7800000.0,11200000.0,11760000.0,11760000.0,12490000.0,10300000.0,11100000.0,10520000.0,7710000.0,6450000.0,7570000.0,6080000.0,5470000.0,4890000.0,5280000.0,4170000.0,3920000.0,4990000.0,5890000.0,6990000.0,5880000.0,5990000.0,5430000.0,7620000.0,8460000.0,7430000.0,4250000.0,5850000.0,5550000.0,5230000.0,5540000.0,5410000.0,5070000.0,,
18,Burkina Faso,BFA,"Net official flows from UN agencies, UNFPA (current US$)",DT.NFL.UNFP.CD,,,,,,,,,,,,,,,,,,50000.0,,,550000.0,610000.0,650000.0,640000.0,890000.0,1280000.0,540000.0,740000.0,870000.0,820000.0,1100000.0,1210000.0,920000.0,780000.0,1870000.0,2170000.0,2390000.0,2100000.0,1170000.0,1600000.0,1130000.0,1410000.0,1940000.0,1720000.0,1800000.0,1820000.0,1230000.0,2270000.0,2910000.0,3160000.0,2890000.0,3260000.0,3500000.0,3360000.0,3730000.0,3240000.0,2470000.0,2020000.0,,
19,Burkina Faso,BFA,"Net official flows from UN agencies, UNICEF (current US$)",DT.NFL.UNCF.CD,,,,,,,,,,,250000.0,110000.0,230000.0,170000.0,400000.0,810000.0,880000.0,660000.0,500000.0,1430000.0,1600000.0,1940000.0,1320000.0,1700000.0,2400000.0,3250000.0,2920000.0,4250000.0,3280000.0,4450000.0,5380000.0,3290000.0,2930000.0,4360000.0,4510000.0,6390000.0,4650000.0,2610000.0,2620000.0,3190000.0,3280000.0,3560000.0,3950000.0,5450000.0,5250000.0,6760000.0,7250000.0,11360000.0,15840000.0,17710000.0,19130000.0,16570000.0,14070000.0,14410000.0,17020000.0,15510000.0,14250000.0,15660000.0,,
20,Burkina Faso,BFA,"Net official flows from UN agencies, WHO (current US$)",DT.NFL.WHOL.CD,,,,,,,,,,,,,,,,,,,,,,,,,,,,,,,,,,,,,,,,,,,,,,,,,,,,1220000.0,1380000.0,1430000.0,1570000.0,1860000.0,1590000.0,2010000.0,,
21,Cameroon,CMR,Crop production index (2004-2006 = 100),AG.PRD.CROP.XD,,26.07,28.11,31.17,31.93,29.83,30.91,34.65,36.33,36.04,39.28,39.99,41.89,42.86,46.91,46.85,44.06,44.85,44.29,45.37,46.52,47.52,49.42,48.8,49.27,52.42,56.86,48.79,51.86,52.75,54.8,56.26,56.11,59.35,62.83,67.53,71.74,67.78,72.47,75.81,77.83,78.6,80.62,83.33,85.97,103.59,110.44,117.22,121.06,131.47,145.29,149.22,158.82,162.37,163.67,172.49,186.04,,,
22,Cameroon,CMR,Cereal yield (kg per hectare),AG.YLD.CREL.KG,,863.9,757.5,775.4,781.9,768.6,821.0,760.0,768.1,838.6,798.8,804.8,820.2,770.7,881.9,1057.6,865.9,862.7,836.7,817.7,864.3,865.0,890.3,895.7,1076.6,1154.1,1381.5,1228.0,1165.9,1118.4,1259.3,1179.6,1072.2,959.3,968.6,1172.0,1330.0,1400.2,1408.9,1893.3,1763.5,1708.9,1682.7,1619.9,1563.2,1669.6,1700.3,1676.3,1678.5,1722.9,1643.0,1714.8,1591.8,1676.6,1629.2,1610.6,1643.7,,,
23,Cameroon,CMR,Agricultural land (% of land area),AG.LND.AGRI.ZS,,15.8871189524233,16.0140466670898,16.1198197626452,16.2467474773117,16.3736751919782,16.5006029066447,16.6486852404222,16.7544583359777,16.8602314315331,16.8771551268219,16.9829282223774,17.1246641704216,17.2621691946437,17.5160246239766,17.759302743754102,18.002580863531602,18.2860527596201,18.343170231220004,18.8529965517971,18.891074866197,18.9545387235303,19.060311819085697,19.1660849146411,19.2718580101965,19.3776311057519,19.5257134395295,19.483404201307398,19.483404201307398,19.4410949630852,19.398785724863,19.3564764866409,19.3776311057519,19.3776311057519,19.3776311057519,19.3776311057519,19.3776311057519,19.3776311057519,19.3776311057519,19.3776311057519,19.3776311057519,19.3776311057519,19.3776311057519,19.3776311057519,19.483404201307398,19.4897505870407,19.4897505870407,19.4897505870407,19.595523682596102,19.7012967781515,20.5199805377504,20.6257536333058,20.6257536333058,20.6257536333058,20.6257536333058,20.6257536333058,20.6257536333058,,,
24,Cameroon,CMR,Prevalence of undernourishment (% of population),SN.ITK.DEFC.ZS,,,,,,,,,,,,,,,,,,,,,,,,,,,,,,,,,,,,,,,,,30.8,28.5,26.5,24.4,22.4,20.3,18.2,16.2,14.4,12.9,11.5,10.1,8.7,7.4,6.5,6.5,7.3,,,
25,Cameroon,CMR,Consumer price index (2010 = 100),FP.CPI.TOTL,,,,,,,,,7.524800838489679,7.441908295592951,7.87786166933996,8.1940813700201,8.857221713163211,9.77702192991105,11.4618896166232,13.0153572724161,14.3078669227565,16.4108814370007,18.4561781806352,19.670707438769,21.5496050777554,23.8613389624717,27.024641407843898,31.519170706894304,35.1039475115789,38.09072277535579,41.050381452743295,46.444606763790205,47.225959527901104,46.439398942563,46.9499450028635,46.9781390695069,46.9705967077296,45.4644588928368,61.4199660724494,66.9905670350674,69.6193195769357,72.9514664757748,75.2645764514801,76.67333740303971,77.6142650318084,81.04463894179321,83.34178650508571,83.8611421466501,84.0570815081705,85.749604048364,90.1379070575965,90.96843975740721,95.8241588442075,98.74068065051941,100.0,102.939699463051,105.755405742963,107.92375872232901,109.925634907972,112.867503568736,113.854180430793,114.583313019794,,
26,Cameroon,CMR,Refugee population by country or territory of asylum,SM.POP.REFG,,,,,,,,,,,,,,,,,,,,,,,,,,,,,,,49876.0,45237.0,42233.0,44013.0,44036.0,45781.0,46407.0,47057.0,47826.0,49227.0,43680.0,41186.0,58288.0,58583.0,58861.0,52042.0,35083.0,60137.0,81037.0,99957.0,104275.0,100373.0,98969.0,114753.0,264126.0,342973.0,375415.0,337367.0,,
27,Cameroon,CMR,Refugee population by country or territory of origin,SM.POP.REFG.OR,,,,,,,,,,,,,,,,,,,,,,,,,,,,,,,100.0,1.0,83.0,173.0,238.0,2017.0,2109.0,2258.0,1348.0,1654.0,2062.0,2724.0,5225.0,6206.0,7629.0,9101.0,10384.0,11508.0,13870.0,14766.0,14963.0,15163.0,13382.0,11427.0,10766.0,10586.0,10374.0,10982.0,,
28,Cameroon,CMR,"Adolescent fertility rate (births per 1,000 women ages 15-19)",SP.ADO.TFRT,171.3492,173.0226,174.696,176.3812,178.0664,179.7516,181.4368,183.122,184.4582,185.7944,187.1306,188.4668,189.803,190.6864,191.5698,192.4532,193.3366,194.22,194.8334,195.4468,196.0602,196.6736,197.287,196.1244,194.9618,193.7992,192.6366,191.47400000000002,188.7156,185.9572,183.1988,180.4404,177.68200000000002,174.53599999999997,171.39,168.24400000000003,165.09799999999998,161.952,159.5584,157.1648,154.7712,152.3776,149.984,146.3422,142.7004,139.0586,135.4168,131.775,129.6118,127.4486,125.2854,123.1222,120.959,117.9272,114.8954,111.8636,108.8318,,,
29,Cameroon,CMR,"People using at least basic sanitation services, urban (% of urban population)",SH.STA.BASS.UR.ZS,,,,,,,,,,,,,,,,,,,,,,,,,,,,,,,,,,,,,,,,,55.92446398640511,55.90049287271339,55.8765217590216,55.85255064532989,55.8285795316381,55.8046084179464,55.7806373042546,55.756666190562896,55.7326950768711,55.708723963179395,55.6847528494876,55.6607817357959,55.6368106221041,55.6128395084124,55.5888683947206,55.5648972810288,,,,
30,Cameroon,CMR,Population density (people per sq. km of land area),EN.POP.DNST,,11.1807048719088,11.423329313955701,11.6780520826723,11.944566436081299,12.2227877557065,12.513217406020601,12.8166084914641,13.133384104419198,13.464003300120599,13.8089632121174,14.168824437816,14.5442829641852,14.9364367159569,15.3465507393539,15.7757652683463,16.2244187768399,16.6930443612363,17.182900721372498,17.6954898352055,18.2317996234478,18.791682003765498,19.3745975333714,19.980544096803502,20.6093863044996,21.2604408622623,21.9337437329441,22.6275602377779,23.3373886738169,24.0573713270293,24.7830974593302,25.5140128196992,26.250620888070898,26.9909267838633,27.7329863975799,28.4762200926572,29.219758414249803,29.9664128112373,30.724059148315,31.5032281948764,32.312060248355195,33.1533646421696,34.026963677519,34.934361447822106,35.8762899029003,36.853028283725706,37.865841636521296,38.9147447695204,39.997055277019705,41.108800321550206,42.246821518478605,43.4102240274164,44.59897823189689,45.8118402403165,47.047669818704904,48.3055615493643,49.5847115567684,50.8847432886971,,
31,Cameroon,CMR,Current health expenditure per capita (current US$),SH.XPD.CHEX.PC.CD,,,,,,,,,,,,,,,,,,,,,,,,,,,,,,,,,,,,,,,,,26.29117421,27.67918869,31.32293085,38.89506822,41.631114700000005,42.66516151,44.36485256,50.578296,61.45114496,57.96943368,58.96177642,48.59146001,62.70305079,67.26609211,71.24243367,63.62799174,,,,
32,Cameroon,CMR,"Government expenditure on education, total (% of government expenditure)",SE.XPD.TOTL.GB.ZS,,,,,,,,,,,,,,,,,,,,,,,,,,,,,,,,,,,,,,,,,11.6837,15.733939999999999,,21.44202,20.84712,21.37761,20.31265,21.56822,15.58864,19.77979,18.75389,14.867770000000002,15.17622,13.82495,12.92925,13.24399,12.696,16.418770000000002,,
33,Cameroon,CMR,"Presence of peace keepers (number of troops, police, and military observers in mandate)",VC.PKP.TOTL.UN,,,,,,,,,,,,,,,,,,,,,,,,,,,,,,,,,,,,,,,,,,,,,,,,,,,,,,,,,,,,
34,Cameroon,CMR,"Net official flows from UN agencies, IAEA (current US$)",DT.NFL.IAEA.CD,,,,,,,,,,,,,,,,,,,,,,,,,,,,,,,,,,,,,,,,,,,,,,,450000.0,230000.0,450000.0,340000.0,640000.0,210000.0,160000.0,320000.0,270000.0,220000.0,250000.0,390000.0,,
35,Cameroon,CMR,"Net official flows from UN agencies, IFAD (current US$)",DT.NFL.IFAD.CD,,,,,,,,,,,,,,,,,,,,,,,,380000.0,720000.0,890000.0,4930000.0,5540000.0,2340000.0,860000.0,7170000.0,1590000.0,-130000.0,,-20000.0,-70000.0,-1270000.0,-3800000.0,-770000.0,-450000.0,-890000.0,350000.0,-540000.0,1430000.0,2030000.0,2250000.0,2970000.0,4150000.0,2690000.0,2460000.0,3110000.0,1600000.0,4680000.0,5570000.0,7000000.0,5330000.0,5550000.0,6220000.0,,
36,Cameroon,CMR,"Net official flows from UN agencies, ILO (current US$)",DT.NFL.ILOG.CD,,,,,,,,,,,,,,,,,,,,,,,,,,,,,,,,,,,,,,,,,,,,,,,,,,,,,980000.0,1080000.0,760000.0,860000.0,1090000.0,1610000.0,,
37,Cameroon,CMR,"Net official flows from UN agencies, UNAIDS (current US$)",DT.NFL.UNAI.CD,,,,,,,,,,,,,,,,,,,,,,,,,,,,,,,,,,,,,,,,,,,,,,350000.0,440000.0,430000.0,570000.0,680000.0,540000.0,710000.0,720000.0,1370000.0,1010000.0,960000.0,730000.0,780000.0,,
38,Cameroon,CMR,"Net official flows from UN agencies, UNDP (current US$)",DT.NFL.UNDP.CD,,,,,,,,,770000.0,1140000.0,1720000.0,2200000.0,3000000.0,2750000.0,2270000.0,3280000.0,3100000.0,2340000.0,1650000.0,2160000.0,6670000.0,6920000.0,4940000.0,4180000.0,2680000.0,4580000.0,4800000.0,4800000.0,6370000.0,5420000.0,4370000.0,3280000.0,2230000.0,1420000.0,1500000.0,1760000.0,470000.0,690000.0,1560000.0,1730000.0,1030000.0,1880000.0,1670000.0,2050000.0,3620000.0,4460000.0,3850000.0,3850000.0,3290000.0,3300000.0,3870000.0,2290000.0,1810000.0,2210000.0,1880000.0,1970000.0,1870000.0,1370000.0,,
39,Cameroon,CMR,"Net official flows from UN agencies, UNFPA (current US$)",DT.NFL.UNFP.CD,,,,,,,,,,,,,,,,,,110000.0,,,320000.0,220000.0,330000.0,520000.0,380000.0,350000.0,540000.0,420000.0,540000.0,860000.0,960000.0,680000.0,330000.0,690000.0,1000000.0,1010000.0,1270000.0,1870000.0,960000.0,670000.0,1510000.0,1340000.0,2290000.0,2400000.0,2700000.0,2780000.0,2940000.0,2250000.0,2120000.0,4450000.0,4100000.0,3610000.0,2880000.0,3900000.0,3260000.0,3060000.0,2910000.0,3090000.0,,
40,Cameroon,CMR,"Net official flows from UN agencies, UNICEF (current US$)",DT.NFL.UNCF.CD,,,,,,,,,,,100000.0,240000.0,220000.0,200000.0,240000.0,50000.0,220000.0,170000.0,70000.0,400000.0,680000.0,580000.0,540000.0,420000.0,690000.0,430000.0,980000.0,780000.0,1380000.0,820000.0,1140000.0,1970000.0,1440000.0,1600000.0,1880000.0,2670000.0,1910000.0,2020000.0,1680000.0,1330000.0,2110000.0,2150000.0,2800000.0,2580000.0,2720000.0,3200000.0,3550000.0,6140000.0,6140000.0,6790000.0,6400000.0,6840000.0,5980000.0,6680000.0,9090000.0,10260000.0,11390000.0,12140000.0,,
41,Cameroon,CMR,"Net official flows from UN agencies, WHO (current US$)",DT.NFL.WHOL.CD,,,,,,,,,,,,,,,,,,,,,,,,,,,,,,,,,,,,,,,,,,,,,,,,,,,,1460000.0,1100000.0,1460000.0,1160000.0,1820000.0,1660000.0,1550000.0,,
42,Chad,TCD,Crop production index (2004-2006 = 100),AG.PRD.CROP.XD,,35.36,40.39,45.22,43.09,41.25,42.77,41.23,46.81,44.83,40.84,41.25,36.87,37.23,42.79,45.7,44.29,43.6,45.41,41.1,42.33,38.5,41.13,48.32,40.23,52.15,47.31,48.18,57.75,57.03,54.99,66.64,63.96,51.14,70.14,69.42,75.1,84.62,94.21,86.93,79.52,100.24,89.57,98.88,86.11,110.85,103.04,107.17,108.26,93.93,176.0,106.26,189.07,161.45,163.03,160.7,176.07,,,
43,Chad,TCD,Cereal yield (kg per hectare),AG.YLD.CREL.KG,,592.2,544.1,758.6,635.4,546.6,658.7,668.8,669.3,727.3,705.7,634.9,482.6,512.7,645.6,578.8,510.8,523.3,515.4,491.7,546.6,721.9,675.8,522.6,503.8,624.2,584.0,554.3,734.4,549.2,559.2,618.6,729.9,501.0,746.5,581.8,601.3,582.0,685.2,672.8,531.3,634.7,670.9,827.3,671.2,749.9,766.8,799.3,775.2,598.3,762.8,632.0,934.8,822.8,855.7,801.9,844.7,,,
44,Chad,TCD,Agricultural land (% of land area),AG.LND.AGRI.ZS,,38.015873015873,38.015873015873,38.015873015873,38.015873015873,38.015873015873,38.015873015873,38.015873015873,38.015873015873,38.015873015873,38.015873015873,38.015873015873,38.015873015873,38.0238095238095,38.0438234360114,38.1194409148666,38.1988564167726,38.1988564167726,38.2385641677255,38.2385641677255,38.2385641677255,38.2385641677255,38.2385641677255,38.2385641677255,38.2385641677255,38.2425349428208,38.282242693773796,38.282242693773796,38.302096569250295,38.3179796696315,38.357687420584504,38.3973951715375,38.4132782719187,38.4371029224905,38.452986022871706,38.476810673443495,38.46092757306229,38.619758576874204,38.619758576874204,38.619758576874204,38.619758576874204,38.8580050825921,38.6991740787802,38.7785895806862,38.7785895806862,39.334498094028,39.294790343075,39.1764612452351,39.1764612452351,39.1796378653113,39.3384688691233,39.656130876747106,39.656130876747106,39.656130876747106,39.656130876747106,39.656130876747106,39.656130876747106,,,
45,Chad,TCD,Prevalence of undernourishment (% of population),SN.ITK.DEFC.ZS,,,,,,,,,,,,,,,,,,,,,,,,,,,,,,,,,,,,,,,,,40.1,39.8,39.7,39.1,39.1,39.2,39.8,40.3,40.7,40.8,40.0,38.9,37.7,37.1,37.0,38.4,39.7,,,
46,Chad,TCD,Consumer price index (2010 = 100),FP.CPI.TOTL,,,,,,,,,,,,,,,,,,,,,,,,38.131979133221606,45.8540465920999,48.217363697877595,41.9218286124868,39.4170652677156,45.5178485022021,43.83863380192229,43.5149809432081,44.904794923445905,43.5068948842132,39.8401627213224,56.4634296756252,61.675188304159896,68.6635292057841,72.4896375947909,75.5768633245147,69.5117749782986,72.1689327009226,81.1404595091695,85.3531252636695,83.85725249769709,79.3663609552153,85.6286570572285,92.5100233876238,84.20748966609771,92.8783145174345,102.12195716755699,100.0,96.29570429570428,109.794633937491,109.954331382903,111.80248323105499,115.90552304838002,,,,
47,Chad,TCD,Refugee population by country or territory of asylum,SM.POP.REFG,,,,,,,,,,,,,,,,,,,,,,,,,,,,,,,,,70.0,70.0,109.0,100.0,100.0,302.0,8810.0,23478.0,17692.0,12950.0,33455.0,146400.0,259880.0,275412.0,286743.0,294017.0,330510.0,338495.0,347939.0,366494.0,373695.0,434479.0,452897.0,369540.0,391251.0,411460.0,,
48,Chad,TCD,Refugee population by country or territory of origin,SM.POP.REFG.OR,,,,,,,,,,,,,,,,,,,,,,,,,,,,,,,184806.0,72319.0,66381.0,212932.0,211971.0,59727.0,58445.0,55025.0,61298.0,58797.0,54962.0,46294.0,47349.0,52275.0,52663.0,48400.0,36300.0,55722.0,55105.0,55014.0,53733.0,42640.0,39694.0,48640.0,48258.0,14940.0,14193.0,16295.0,,
49,Chad,TCD,"Adolescent fertility rate (births per 1,000 women ages 15-19)",SP.ADO.TFRT,196.56400000000002,197.192,197.82,198.44799999999998,199.076,199.704,200.332,200.96,202.6618,204.3636,206.0654,207.7672,209.46900000000002,210.74400000000003,212.019,213.294,214.56900000000002,215.84400000000002,216.2764,216.7088,217.1412,217.5736,218.00599999999997,218.023,218.04,218.05700000000002,218.074,218.09099999999998,218.0916,218.0922,218.0928,218.0934,218.09400000000002,217.7618,217.4296,217.0974,216.7652,216.433,215.092,213.75099999999998,212.41,211.06900000000002,209.72799999999998,206.9984,204.2688,201.5392,198.8096,196.08,192.50799999999998,188.93599999999998,185.364,181.792,178.22,174.794,171.368,167.942,164.516,,,
50,Chad,TCD,"People using at least basic sanitation services, urban (% of urban population)",SH.STA.BASS.UR.ZS,,,,,,,,,,,,,,,,,,,,,,,,,,,,,,,,,,,,,,,,,23.0160989244662,23.6504298946908,24.284760864915103,24.9190918351397,25.5534228053643,26.187753775588604,26.822084745813196,27.456415716037803,28.090746686262303,28.7250776564866,29.359408626711197,29.9937395969358,30.6280705671601,31.2624015373847,31.8967325076093,32.5310634778338,,,,
51,Chad,TCD,Population density (people per sq. km of land area),EN.POP.DNST,,2.42885317460317,2.47715555555556,2.52662777777778,2.5765912698412703,2.6266452380952403,2.6763253968254,2.72604047619048,2.77726349206349,2.83204444444444,2.89170555555556,2.95721507936508,3.02785952380952,3.10129523809524,3.1752238805970094,3.24646442185515,3.3133973951715396,3.3783267153748398,3.44317423761118,3.51073379923761,3.5832608005082593,3.66118726175349,3.7445973634053398,3.8350492376111798,3.93428049555273,4.04346807496823,4.16375952986023,4.29485943456163,4.43483084498094,4.58075444726811,4.730669472681071,4.88411769377382,5.042160895806861,5.20616502541296,5.37812341168996,5.5596585133418,5.75058290978399,5.950802890724269,6.1620536848792895,6.38647236340534,6.625285101651841,6.879774459974589,7.14873649936468,7.4278915184244,7.71127938373571,7.99476572426938,8.276363564167731,8.55758259212198,8.84201159466328,9.13499523506989,9.44028113087675,9.75909386912325,10.0898467280813,10.4301056226175,10.7762372935197,11.1256456480305,11.477559561626402,11.832905019059698,,
52,Chad,TCD,Current health expenditure per capita (current US$),SH.XPD.CHEX.PC.CD,,,,,,,,,,,,,,,,,,,,,,,,,,,,,,,,,,,,,,,,,10.2435743,11.81969785,18.16082718,18.23865336,28.29926497,32.07445588,34.75975595,34.96267017,37.88076904,35.86364862,36.48620983,38.72567404,34.92486746,47.42296057,46.88535547,35.56909713,,,,
53,Chad,TCD,"Government expenditure on education, total (% of government expenditure)",SE.XPD.TOTL.GB.ZS,,,,,,,,,,,,,,,,,,,,,,,,,,,,,,,,,,,,,,12.898660000000001,11.071530000000001,17.05998,12.844489999999999,13.78685,,,11.0319,14.672820000000002,,,,9.54158999999999,8.11928,10.083260000000001,9.21241,12.46146,,,,,,
54,Chad,TCD,"Presence of peace keepers (number of troops, police, and military observers in mandate)",VC.PKP.TOTL.UN,,,,,,,,,,,,,,,,,,,,,,,,,,,,,,,,,,,,,,,,,,,,,,,,,,,,,,,,,,,,
55,Chad,TCD,"Net official flows from UN agencies, IAEA (current US$)",DT.NFL.IAEA.CD,,,,,,,,,,,,,,,,,,,,,,,,,,,,,,,,,,,,,,,,,,,,,,,20000.0,10000.0,90000.0,150000.0,210000.0,80000.0,60000.0,210000.0,50000.0,80000.0,210000.0,210000.0,,
56,Chad,TCD,"Net official flows from UN agencies, IFAD (current US$)",DT.NFL.IFAD.CD,,,,,,,,,,,,,,,,,,,,,,,,,,,,,,,,,,,,1650000.0,1720000.0,,,,2620000.0,1240000.0,600000.0,740000.0,490000.0,1230000.0,1110000.0,2340000.0,2960000.0,2910000.0,3480000.0,1260000.0,5140000.0,9560000.0,5810000.0,7700000.0,2650000.0,3720000.0,,
57,Chad,TCD,"Net official flows from UN agencies, ILO (current US$)",DT.NFL.ILOG.CD,,,,,,,,,,,,,,,,,,,,,,,,,,,,,,,,,,,,,,,,,,,,,,,,,,,,,170000.0,180000.0,160000.0,160000.0,200000.0,240000.0,,
58,Chad,TCD,"Net official flows from UN agencies, UNAIDS (current US$)",DT.NFL.UNAI.CD,,,,,,,,,,,,,,,,,,,,,,,,,,,,,,,,,,,,,,,,,,,,,,290000.0,80000.0,580000.0,160000.0,380000.0,630000.0,890000.0,720000.0,710000.0,630000.0,640000.0,560000.0,530000.0,,
59,Chad,TCD,"Net official flows from UN agencies, UNDP (current US$)",DT.NFL.UNDP.CD,,,,,,,,,500000.0,490000.0,480000.0,680000.0,950000.0,1390000.0,1640000.0,2250000.0,2170000.0,2560000.0,3160000.0,1680000.0,810000.0,3980000.0,3060000.0,3460000.0,5090000.0,10710000.0,16210000.0,16480000.0,15530000.0,12620000.0,11230000.0,10560000.0,8440000.0,7170000.0,5720000.0,3070000.0,5260000.0,3980000.0,5660000.0,5880000.0,4250000.0,2380000.0,3710000.0,5210000.0,5720000.0,5190000.0,4960000.0,4960000.0,4580000.0,6060000.0,7890000.0,7360000.0,5250000.0,4720000.0,3880000.0,3470000.0,3560000.0,3910000.0,,
60,Chad,TCD,"Net official flows from UN agencies, UNFPA (current US$)",DT.NFL.UNFP.CD,,,,,,,,,,,,,,,,,,20000.0,,,,,,10000.0,20000.0,80000.0,200000.0,210000.0,260000.0,160000.0,490000.0,640000.0,970000.0,950000.0,840000.0,1040000.0,1300000.0,1350000.0,1220000.0,1330000.0,1030000.0,930000.0,2690000.0,1880000.0,2270000.0,2090000.0,1590000.0,1840000.0,5040000.0,3730000.0,3910000.0,3590000.0,3900000.0,3970000.0,2980000.0,2740000.0,2820000.0,2880000.0,,
61,Chad,TCD,"Net official flows from UN agencies, UNICEF (current US$)",DT.NFL.UNCF.CD,,,,,,,,,,,110000.0,130000.0,210000.0,160000.0,240000.0,370000.0,500000.0,560000.0,620000.0,410000.0,1050000.0,1030000.0,1050000.0,1900000.0,1780000.0,3370000.0,3020000.0,2470000.0,2550000.0,2660000.0,4290000.0,3640000.0,3130000.0,2600000.0,2780000.0,3870000.0,3550000.0,2610000.0,2530000.0,2170000.0,1910000.0,2300000.0,2370000.0,2900000.0,4770000.0,8430000.0,5750000.0,11760000.0,11090000.0,13350000.0,15510000.0,13730000.0,9410000.0,14930000.0,10290000.0,19410000.0,15560000.0,15400000.0,,
62,Chad,TCD,"Net official flows from UN agencies, WHO (current US$)",DT.NFL.WHOL.CD,,,,,,,,,,,,,,,,,,,,,,,,,,,,,,,,,,,,,,,,,,,,,,,,,,,,1570000.0,1040000.0,1610000.0,790000.0,1840000.0,1540000.0,1730000.0,,
63,"Gambia, The",GMB,Crop production index (2004-2006 = 100),AG.PRD.CROP.XD,,69.28,70.42,69.94,72.57,80.08,86.68,77.2,85.21,79.45,81.31,87.12,75.56,90.18,82.08,79.29,77.69,58.28,78.51,45.98,48.47,74.69,93.14,70.38,71.47,61.79,74.69,76.62,70.23,83.84,57.35,65.66,50.35,59.91,62.4,59.68,47.1,61.0,59.17,91.03,101.86,112.49,64.48,85.21,109.6,91.83,98.57,65.08,101.09,124.59,145.03,85.13,107.72,97.17,80.17,96.16,105.32,,,
64,"Gambia, The",GMB,Cereal yield (kg per hectare),AG.YLD.CREL.KG,,1075.3,1080.5,1039.0,1087.7,1064.0,1011.1,960.3,1040.4,1016.4,1109.1,1112.4,1042.3,1056.1,1043.0,990.7,813.3,805.8,1093.6,1197.0,1325.1,1329.4,1230.9,1251.4,1434.5,1262.4,1276.2,1117.7,1196.6,1112.9,1003.9,1108.3,1230.9,1181.5,1155.2,1028.3,1095.8,934.2,1027.9,1293.0,1295.8,1283.8,960.3,1199.1,1170.8,1040.3,1026.4,800.3,977.3,1051.8,1129.4,868.5,910.3,960.0,746.8,827.9,840.7,,,
65,"Gambia, The",GMB,Agricultural land (% of land area),AG.LND.AGRI.ZS,,51.778656126482204,51.8774703557312,51.9762845849802,52.0750988142293,52.1739130434783,52.2727272727273,52.4703557312253,52.4703557312253,52.6679841897233,52.7667984189723,53.063241106719396,53.5573122529644,54.0513833992095,56.7193675889328,56.1264822134387,56.0276679841897,56.7193675889328,57.4110671936759,56.3241106719368,55.6324110671937,57.8063241106719,59.8814229249012,58.003952569169996,56.6205533596838,56.6205533596838,57.5098814229249,58.201581027668,59.68379446640321,57.9051383399209,57.9051383399209,58.498023715415,55.1383399209486,55.0395256916996,55.0395256916996,55.0395256916996,55.0395256916996,55.0395256916996,54.545454545454504,54.545454545454504,54.545454545454504,53.3596837944664,51.086956521739104,50.098814229249,50.8893280632411,52.0750988142293,48.913043478260896,48.913043478260896,54.545454545454504,59.5849802371541,60.7707509881423,60.7707509881423,59.7826086956522,59.7826086956522,59.7826086956522,59.7826086956522,59.7826086956522,,,
66,"Gambia, The",GMB,Prevalence of undernourishment (% of population),SN.ITK.DEFC.ZS,,,,,,,,,,,,,,,,,,,,,,,,,,,,,,,,,,,,,,,,,13.1,12.9,13.8,14.6,15.1,15.1,14.5,12.9,11.3,10.0,9.3,9.1,9.4,9.7,9.9,9.8,9.6,,,
67,"Gambia, The",GMB,Consumer price index (2010 = 100),FP.CPI.TOTL,,2.27690230345145,2.3176046160494,2.42458821752339,2.31461729035587,2.3428101766043397,2.34841141228135,2.38145870278857,2.4809739900184504,2.60532142208015,2.55360334598601,2.6316472297764704,2.86055106118836,3.0584613885067404,3.3409503745798497,4.20709175917297,4.92344720198356,5.5334490578728195,6.023455112819559,6.392630129205049,6.828902565607799,7.2348280361359505,8.02022978669623,8.87328578233336,10.8341452396778,12.818948174698301,20.069367312629602,24.791522254569696,27.6897967045178,29.981131836417102,33.629171232927106,36.5355196462805,40.001477247375604,42.5870944247693,43.315421606427705,46.339260107953606,46.848755040077,48.151725686163104,48.6882266338146,50.544402979424895,50.9714878023085,53.261430871551894,57.8467738956503,67.6997376928424,77.3176656311829,81.0587750366687,82.72575152177879,87.1674085832518,91.04082741493971,95.19372899892531,100.0,104.796484978653,109.255087875534,115.482333219833,122.350500544682,130.680521792411,140.12714583895598,151.38577369216802,,
68,"Gambia, The",GMB,Refugee population by country or territory of asylum,SM.POP.REFG,,,,,,,,,,,,,,,,,,,,,,,,,,,,,,,78.0,241.0,3632.0,2190.0,2206.0,6599.0,6924.0,7279.0,10320.0,17219.0,12016.0,8133.0,12120.0,7465.0,7343.0,7330.0,13761.0,14895.0,14836.0,10118.0,8378.0,9528.0,9853.0,9563.0,11608.0,7854.0,7940.0,8034.0,,
69,"Gambia, The",GMB,Refugee population by country or territory of origin,SM.POP.REFG.OR,,,,,,,,,,,,,,,,,,,,,,,,,,,,,,,4.0,15.0,24.0,26.0,30.0,161.0,310.0,421.0,570.0,677.0,750.0,734.0,861.0,746.0,684.0,1683.0,1254.0,1267.0,1352.0,1973.0,2242.0,2583.0,3076.0,3397.0,5136.0,8492.0,11600.0,14539.0,,
70,"Gambia, The",GMB,"Adolescent fertility rate (births per 1,000 women ages 15-19)",SP.ADO.TFRT,198.0144,199.6612,201.308,203.1906,205.0732,206.9558,208.8384,210.72099999999998,211.6976,212.6742,213.6508,214.6274,215.604,215.0062,214.4084,213.8106,213.2128,212.615,210.352,208.08900000000003,205.826,203.563,201.3,196.8704,192.4408,188.0112,183.5816,179.15200000000002,173.9616,168.7712,163.5808,158.3904,153.2,149.3334,145.4668,141.6002,137.7336,133.86700000000002,131.0224,128.1778,125.3332,122.4886,119.64399999999999,116.82600000000001,114.008,111.19,108.37200000000001,105.554,103.027,100.5,97.973,95.446,92.919,90.175,87.431,84.68700000000001,81.943,,,
71,"Gambia, The",GMB,"People using at least basic sanitation services, urban (% of urban population)",SH.STA.BASS.UR.ZS,,,,,,,,,,,,,,,,,,,,,,,,,,,,,,,,,,,,,,,,,51.399130692007105,51.0382999677463,50.6774692434855,50.3166385192247,49.955807794963896,49.5949770707032,49.234146346442394,48.87331562218161,48.5124848979208,48.1516541736599,47.7908234493991,47.42999272513829,47.069162000877505,46.708331276616704,46.347500552355896,45.98666982809521,,,,
72,"Gambia, The",GMB,Population density (people per sq. km of land area),EN.POP.DNST,,37.226976284585,37.8975296442688,38.445849802371505,38.9874505928854,39.6107707509881,40.333992094861706,41.1402173913043,42.046442687747,43.0630434782609,44.1981225296443,45.4737154150198,46.89120553359679,48.4052371541502,49.9517786561265,51.4891304347826,53.0048418972332,54.527371541502,56.10978260869571,57.821837944664004,59.7202569169961,61.7995059288538,64.052371541502,66.5254940711462,69.2790513833992,72.34150197628459,75.7499011857708,79.45899209486171,83.3053359683795,87.0689723320158,90.5936758893281,93.82341897233201,96.8100790513834,99.6401185770751,102.453458498024,105.358003952569,108.37035573122499,111.479150197628,114.71778656126499,118.124505928854,121.72371541502,125.542984189723,129.579940711462,133.813636363636,138.198913043478,142.70790513834,147.334090909091,152.086561264822,156.973517786561,162.01185770751002,167.208399209486,172.56551383399201,178.075592885376,183.72766798419,189.51106719367598,195.414031620553,201.43290513834,207.566007905138,,
73,"Gambia, The",GMB,Current health expenditure per capita (current US$),SH.XPD.CHEX.PC.CD,,,,,,,,,,,,,,,,,,,,,,,,,,,,,,,,,,,,,,,,,23.00798367,20.11997444,16.57744763,15.205310699999998,18.05745941,21.21098413,24.01049394,29.68015471,35.96464608,31.760804399999998,32.28450882,32.1282834,30.98698036,29.88498261,31.01433156,31.87894155,,,,
74,"Gambia, The",GMB,"Government expenditure on education, total (% of government expenditure)",SE.XPD.TOTL.GB.ZS,,,,,,,,,,,,,,,,,,,,,,,,,,,,,,,,,,,,,,,,,11.9218,8.20527,8.80674999999999,8.1835,4.7706599999999995,5.2502699999999995,5.36076,7.2975,18.41265,13.29374,17.61123,15.118329999999998,13.782829999999999,10.28876,11.75232,,10.35779,,,
75,"Gambia, The",GMB,"Presence of peace keepers (number of troops, police, and military observers in mandate)",VC.PKP.TOTL.UN,,,,,,,,,,,,,,,,,,,,,,,,,,,,,,,,,,,,,,,,,,,,,,,,,,,,,,,,,,,,
76,"Gambia, The",GMB,"Net official flows from UN agencies, IAEA (current US$)",DT.NFL.IAEA.CD,,,,,,,,,,,,,,,,,,,,,,,,,,,,,,,,,,,,,,,,,,,,,,,,,,,,,,,,,,,,
77,"Gambia, The",GMB,"Net official flows from UN agencies, IFAD (current US$)",DT.NFL.IFAD.CD,,,,,,,,,,,,,,,,,,,,,,,580000.0,910000.0,1120000.0,500000.0,1420000.0,1820000.0,820000.0,860000.0,1480000.0,1270000.0,530000.0,190000.0,60000.0,770000.0,850000.0,730000.0,780000.0,890000.0,1290000.0,1750000.0,870000.0,840000.0,1900000.0,1260000.0,980000.0,970000.0,2030000.0,2340000.0,2130000.0,830000.0,2890000.0,5430000.0,2730000.0,1520000.0,4320000.0,7590000.0,,
78,"Gambia, The",GMB,"Net official flows from UN agencies, ILO (current US$)",DT.NFL.ILOG.CD,,,,,,,,,,,,,,,,,,,,,,,,,,,,,,,,,,,,,,,,,,,,,,,,,,,,,310000.0,400000.0,330000.0,370000.0,280000.0,320000.0,,
79,"Gambia, The",GMB,"Net official flows from UN agencies, UNAIDS (current US$)",DT.NFL.UNAI.CD,,,,,,,,,,,,,,,,,,,,,,,,,,,,,,,,,,,,,,,,,,,,,,,90000.0,200000.0,170000.0,80000.0,210000.0,250000.0,140000.0,130000.0,30000.0,140000.0,80000.0,70000.0,,
80,"Gambia, The",GMB,"Net official flows from UN agencies, UNDP (current US$)",DT.NFL.UNDP.CD,,,,,,,,,2480000.0,130000.0,140000.0,160000.0,340000.0,530000.0,570000.0,820000.0,880000.0,640000.0,1850000.0,1840000.0,2240000.0,3390000.0,4560000.0,3120000.0,3040000.0,2020000.0,2950000.0,4220000.0,5020000.0,4160000.0,3260000.0,4390000.0,4010000.0,4000000.0,2040000.0,1620000.0,1890000.0,2960000.0,2190000.0,2570000.0,1640000.0,1850000.0,2570000.0,2300000.0,2080000.0,2180000.0,1580000.0,2060000.0,2810000.0,2890000.0,2980000.0,2710000.0,1950000.0,2700000.0,3490000.0,3030000.0,3260000.0,3250000.0,,
81,"Gambia, The",GMB,"Net official flows from UN agencies, UNFPA (current US$)",DT.NFL.UNFP.CD,,,,,,,,,,,,,,,,,,20000.0,,,140000.0,220000.0,260000.0,320000.0,120000.0,300000.0,270000.0,110000.0,140000.0,350000.0,510000.0,680000.0,810000.0,350000.0,630000.0,630000.0,350000.0,650000.0,290000.0,680000.0,370000.0,410000.0,540000.0,480000.0,720000.0,590000.0,840000.0,710000.0,1170000.0,980000.0,1310000.0,1220000.0,1930000.0,1050000.0,990000.0,850000.0,810000.0,840000.0,,
82,"Gambia, The",GMB,"Net official flows from UN agencies, UNICEF (current US$)",DT.NFL.UNCF.CD,,,,,,,,,,,70000.0,70000.0,100000.0,80000.0,80000.0,50000.0,60000.0,10000.0,160000.0,140000.0,110000.0,140000.0,210000.0,110000.0,170000.0,430000.0,360000.0,230000.0,270000.0,500000.0,560000.0,910000.0,690000.0,740000.0,1190000.0,1350000.0,1330000.0,990000.0,1260000.0,760000.0,640000.0,930000.0,680000.0,710000.0,910000.0,1110000.0,1190000.0,1480000.0,1160000.0,1390000.0,1480000.0,1290000.0,960000.0,1130000.0,1470000.0,1570000.0,1700000.0,1400000.0,,
83,"Gambia, The",GMB,"Net official flows from UN agencies, WHO (current US$)",DT.NFL.WHOL.CD,,,,,,,,,,,,,,,,,,,,,,,,,,,,,,,,,,,,,,,,,,,,,,,,,,,,690000.0,810000.0,930000.0,870000.0,870000.0,840000.0,830000.0,,
84,Guinea,GIN,Crop production index (2004-2006 = 100),AG.PRD.CROP.XD,,35.73,36.2,33.88,35.46,34.68,37.67,39.53,40.64,40.25,41.81,43.27,41.2,41.58,41.9,42.71,44.55,44.98,45.14,46.56,47.02,47.31,47.87,48.24,50.76,51.78,52.2,52.77,54.18,57.6,60.72,64.32,68.03,69.06,72.97,73.04,74.01,76.04,78.86,81.6,86.59,85.21,89.21,93.26,96.93,100.64,102.43,106.53,111.3,110.12,117.39,123.26,125.98,131.01,128.2,131.11,133.94,,,
85,Guinea,GIN,Cereal yield (kg per hectare),AG.YLD.CREL.KG,,1340.0,1368.7,1256.7,1363.8,1303.7,1392.6,1409.7,1411.5,1412.4,1407.9,1435.1,1442.1,1437.5,1436.0,1439.5,1454.7,1437.4,1408.9,1434.5,1432.5,1450.8,1440.3,1456.6,1473.9,1501.5,1517.2,1528.6,1536.9,1492.8,1455.1,1421.9,1392.6,1405.3,1422.3,1454.8,1458.9,1463.2,1468.2,1473.7,1492.1,1483.0,1487.2,1484.8,1491.3,1495.6,1502.0,1514.0,1464.6,1483.9,1184.1,1225.1,1151.2,1188.4,1250.3,1187.6,1180.0,,,
86,Guinea,GIN,Agricultural land (% of land area),AG.LND.AGRI.ZS,,59.4986163112486,59.494546638450295,59.3968744912909,59.2992023441315,59.205599869770495,59.1079277226111,59.01025557545171,58.9125834282924,58.814911281133,58.7213088067719,58.6236366596126,58.5259645124532,58.4282923652938,58.3346898909328,58.2777144717565,58.1800423245971,58.0823701774377,57.984698030278395,57.972489011883404,57.8748168647241,57.77714471756471,57.679472570405295,57.622497151229,57.528894676868,57.47191925769171,57.374247110532295,57.2765749633729,57.3050626729611,57.207390525801706,57.5492430408595,57.1748331434153,57.199251180205096,57.187042161810204,57.170763470617,57.073091323457604,56.6376363340387,56.1614846166368,55.8155624287807,55.103369689077,54.8958163763633,55.103369689077,55.9173042487384,56.34461989256061,56.6905420804167,57.4678495848934,57.5044766400781,57.70796027999349,57.9521406478919,57.992837375875,58.1963210157903,58.1963210157903,58.603288295621006,59.01025557545171,59.01025557545171,59.01025557545171,59.01025557545171,,,
87,Guinea,GIN,Prevalence of undernourishment (% of population),SN.ITK.DEFC.ZS,,,,,,,,,,,,,,,,,,,,,,,,,,,,,,,,,,,,,,,,,26.3,25.5,24.7,23.8,22.5,21.3,20.2,19.3,18.5,18.0,17.6,17.3,16.9,16.8,17.0,18.5,19.7,,,
88,Guinea,GIN,Consumer price index (2010 = 100),FP.CPI.TOTL,,,,,,,,,,,,,,,,,,,,,,,,,,,,,,,,,,,,,,,,,,,,,32.1492555754618,42.2355388068616,56.8892732851466,69.88529890241139,82.73305739173409,86.6085953748892,100.0,121.350466423673,139.826197977801,156.448590432652,171.645971046725,185.636612337061,200.808100710447,218.71040734951902,,
89,Guinea,GIN,Refugee population by country or territory of asylum,SM.POP.REFG,,,,,,,,,,,,,,,,,,,,,,,,,,,,,,,325000.0,547960.0,478491.0,577158.0,553244.0,672298.0,663854.0,435300.0,482467.0,501544.0,427206.0,178444.0,182163.0,184341.0,139252.0,63525.0,31468.0,25226.0,21488.0,15325.0,14113.0,16609.0,10371.0,8560.0,8766.0,8839.0,5068.0,5151.0,,
90,Guinea,GIN,Refugee population by country or territory of origin,SM.POP.REFG.OR,,,,,,,,,,,,,,,,,,,,,,,,,,,,,,,,2.0,19.0,31.0,106.0,441.0,523.0,648.0,924.0,1151.0,1497.0,2019.0,3418.0,3871.0,4782.0,5820.0,6840.0,8278.0,9495.0,10920.0,11985.0,13161.0,14061.0,14561.0,15252.0,17005.0,17548.0,20313.0,,
91,Guinea,GIN,"Adolescent fertility rate (births per 1,000 women ages 15-19)",SP.ADO.TFRT,203.0624,200.8202,198.578,196.3204,194.0628,191.8052,189.5476,187.29,185.9788,184.6676,183.3564,182.0452,180.734,180.3042,179.8744,179.4446,179.0148,178.585,178.7728,178.9606,179.1484,179.3362,179.524,179.8862,180.2484,180.6106,180.9728,181.335,181.1282,180.9214,180.7146,180.5078,180.301,179.1144,177.9278,176.7412,175.5546,174.368,172.5512,170.7344,168.9176,167.1008,165.28400000000002,163.303,161.322,159.341,157.36,155.379,153.4778,151.5766,149.6754,147.7742,145.873,143.7572,141.6414,139.5256,137.4098,,,
92,Guinea,GIN,"People using at least basic sanitation services, urban (% of urban population)",SH.STA.BASS.UR.ZS,,,,,,,,,,,,,,,,,,,,,,,,,,,,,,,,,,,,,,,,,22.258963844902897,23.059692891189197,23.8604219374753,24.661150983761303,25.461880030047396,26.2626090763337,27.0633381226197,27.8640671689058,28.664796215192,29.4655252614781,30.2662543077642,31.066983354050397,31.8677124003365,32.6684414466226,33.4691704929088,34.269899539194896,,,,
93,Guinea,GIN,Population density (people per sq. km of land area),EN.POP.DNST,,14.7877747029139,15.019794888491,15.2592585056161,15.5122049487221,15.7814015953117,16.0706047533778,16.3742715285691,16.6742267621683,16.9461297411688,17.173083184112002,17.3524336643334,17.491824027348198,17.5987302620869,17.684946280319103,17.7621439036301,17.831682402734803,17.9003906885886,17.9925687774703,18.138849096532603,18.361964838027,18.678919094904803,19.0892275761029,19.5771447175647,20.1169786749145,20.6933379456292,21.283562591567602,21.900874979651604,22.606552173205298,23.484665472895998,24.585275923815697,25.941433338759605,27.5062591567638,29.1520266970536,30.702795865212398,32.0330986488686,33.0968256552173,33.9328829562103,34.6056364968257,35.2180083021325,35.8479000488361,36.5096003581312,37.1860043952466,37.888035161973,38.6221268110044,39.3933949210483,40.2141787400293,41.090375223832,42.0118101904607,42.96159856747521,43.92874002930161,44.9095311736936,45.9118875142439,46.9502482500407,48.0445588474687,49.2085829399316,50.447354712681104,51.7547452384828,,
94,Guinea,GIN,Current health expenditure per capita (current US$),SH.XPD.CHEX.PC.CD,,,,,,,,,,,,,,,,,,,,,,,,,,,,,,,,,,,,,,,,,16.95452491,16.48102509,19.29929056,18.66372868,17.77384111,13.73113129,12.64381548,18.74588897,18.632977899999997,18.686462,19.50076044,23.30078358,22.944072600000002,25.13110881,24.20998981,25.13424009,,,,
95,Guinea,GIN,"Government expenditure on education, total (% of government expenditure)",SE.XPD.TOTL.GB.ZS,,,,,,,,,,,,,,,,,,,,,,,,,,,,,,,,9.99653,11.53745,11.4485,,,,,,14.65855,15.19597,10.315760000000001,13.06432,11.62475,12.3133,10.94747,,,15.67826,13.5834,12.43832,14.259310000000001,9.46061,14.132810000000001,11.989510000000001,11.59878,15.76886,14.379579999999999,,
96,Guinea,GIN,"Presence of peace keepers (number of troops, police, and military observers in mandate)",VC.PKP.TOTL.UN,,,,,,,,,,,,,,,,,,,,,,,,,,,,,,,,,,,,,,,,,,,,,,,,,,,,,,,,,,,,
97,Guinea,GIN,"Net official flows from UN agencies, IAEA (current US$)",DT.NFL.IAEA.CD,,,,,,,,,,,,,,,,,,,,,,,,,,,,,,,,,,,,,,,,,,,,,,,,,,,,,,,,,,,,
98,Guinea,GIN,"Net official flows from UN agencies, IFAD (current US$)",DT.NFL.IFAD.CD,,,,,,,,,,,,,,,,,,,,,,,180000.0,240000.0,270000.0,3310000.0,4430000.0,2750000.0,,,1450000.0,1140000.0,-300000.0,1750000.0,3450000.0,3740000.0,2930000.0,2490000.0,2530000.0,3550000.0,4970000.0,7740000.0,5310000.0,2520000.0,1860000.0,80000.0,1590000.0,10710000.0,1680000.0,2330000.0,510000.0,4770000.0,9920000.0,9720000.0,2460000.0,160000.0,220000.0,710000.0,,
99,Guinea,GIN,"Net official flows from UN agencies, ILO (current US$)",DT.NFL.ILOG.CD,,,,,,,,,,,,,,,,,,,,,,,,,,,,,,,,,,,,,,,,,,,,,,,,,,,,,70000.0,10000.0,,20000.0,630000.0,450000.0,,
100,Guinea,GIN,"Net official flows from UN agencies, UNAIDS (current US$)",DT.NFL.UNAI.CD,,,,,,,,,,,,,,,,,,,,,,,,,,,,,,,,,,,,,,,,,,,,,,210000.0,100000.0,470000.0,520000.0,540000.0,560000.0,240000.0,510000.0,530000.0,490000.0,600000.0,390000.0,350000.0,,
101,Guinea,GIN,"Net official flows from UN agencies, UNDP (current US$)",DT.NFL.UNDP.CD,,,,,,,,,1400000.0,1460000.0,2550000.0,2330000.0,740000.0,840000.0,780000.0,2520000.0,3300000.0,3110000.0,6220000.0,6320000.0,7340000.0,8470000.0,8410000.0,5280000.0,5220000.0,4420000.0,5840000.0,6870000.0,10890000.0,12990000.0,9690000.0,10330000.0,6320000.0,4710000.0,3480000.0,4090000.0,2960000.0,4030000.0,6540000.0,3720000.0,1680000.0,1170000.0,780000.0,970000.0,1110000.0,2250000.0,4340000.0,4120000.0,7370000.0,6180000.0,5340000.0,4640000.0,5200000.0,4450000.0,6480000.0,5950000.0,5690000.0,5760000.0,,
102,Guinea,GIN,"Net official flows from UN agencies, UNFPA (current US$)",DT.NFL.UNFP.CD,,,,,,,,,,,,,,,,,,20000.0,,,410000.0,440000.0,280000.0,420000.0,350000.0,620000.0,550000.0,510000.0,930000.0,260000.0,540000.0,980000.0,630000.0,680000.0,830000.0,1400000.0,2430000.0,970000.0,800000.0,710000.0,560000.0,800000.0,490000.0,1030000.0,1950000.0,1380000.0,1780000.0,1160000.0,2430000.0,3210000.0,2370000.0,2850000.0,2670000.0,2740000.0,2960000.0,2600000.0,3570000.0,3280000.0,,
103,Guinea,GIN,"Net official flows from UN agencies, UNICEF (current US$)",DT.NFL.UNCF.CD,,,,,,,,,,,90000.0,250000.0,160000.0,210000.0,230000.0,140000.0,240000.0,680000.0,880000.0,620000.0,1160000.0,600000.0,920000.0,730000.0,960000.0,910000.0,990000.0,1560000.0,1480000.0,2240000.0,2800000.0,5020000.0,3140000.0,3650000.0,3450000.0,3600000.0,3120000.0,2600000.0,2520000.0,1880000.0,2590000.0,3410000.0,2070000.0,3120000.0,2780000.0,3670000.0,4380000.0,5770000.0,6000000.0,7620000.0,7220000.0,8890000.0,6990000.0,3250000.0,8340000.0,16400000.0,10320000.0,10500000.0,,
104,Guinea,GIN,"Net official flows from UN agencies, WHO (current US$)",DT.NFL.WHOL.CD,,,,,,,,,,,,,,,,,,,,,,,,,,,,,,,,,,,,,,,,,,,,,,,,,,,,1170000.0,1270000.0,2420000.0,1680000.0,1960000.0,1590000.0,1720000.0,,
105,Mali,MLI,Crop production index (2004-2006 = 100),AG.PRD.CROP.XD,,17.51,19.35,19.46,18.53,19.35,19.01,20.52,19.24,22.0,22.19,22.22,19.97,19.96,24.24,28.47,28.93,28.09,27.91,27.97,25.23,27.08,28.99,31.07,26.44,35.38,37.32,35.28,45.75,44.0,43.71,72.26,67.21,67.68,74.82,76.25,80.18,82.67,88.04,92.2,75.32,91.73,85.06,105.96,96.89,102.6,100.51,104.08,113.86,128.73,122.83,143.28,147.3,148.13,156.18,171.71,193.41,,,
106,Mali,MLI,Cereal yield (kg per hectare),AG.YLD.CREL.KG,,707.5,729.4,644.8,748.6,811.9,787.3,748.2,766.8,872.9,829.6,831.4,687.9,673.4,796.2,880.6,679.1,615.7,1077.5,847.8,726.1,837.9,785.0,840.4,696.6,1084.0,1089.8,1033.4,962.0,939.7,726.4,1055.3,738.0,762.8,817.8,810.1,1100.6,1063.9,1204.2,1174.1,1006.5,986.3,788.6,981.4,1206.5,1089.5,1124.8,1101.2,1397.7,1800.4,1452.8,1046.8,1506.8,1512.4,1550.7,1575.5,1607.5,,,
107,Mali,MLI,Agricultural land (% of land area),AG.LND.AGRI.ZS,,25.9779214712463,25.9820191937321,25.986116916218,25.9902146387038,25.9943123611897,25.9975905391783,26.002507806161297,26.002507806161297,26.002507806161297,26.043485031019802,26.043485031019802,26.043485031019802,26.043485031019802,26.0844622558782,26.125439480736603,26.2885288356731,26.2868897466788,26.2868897466788,26.2909874691646,26.2909874691646,26.2934461026561,26.2934461026561,26.2934461026561,26.2934461026561,26.3098369925995,26.312295626091,26.312295626091,26.326227882542895,26.326227882542895,26.3303256050287,26.338521050000402,26.4221145887116,27.1597046361632,28.888943525188697,29.0274465452102,30.036305821224605,30.855850318393003,30.855850318393003,30.855850318393003,31.6344175907031,32.186790581794604,32.522803825633694,33.3767691916833,32.610495086830696,33.103041329629,33.1636876224195,33.2710479515485,33.233348904678806,33.6385304235406,33.643121153263,34.1348478515641,34.1348478515641,33.7660528278383,33.7660528278383,33.7660528278383,33.7660528278383,,,
108,Mali,MLI,Prevalence of undernourishment (% of population),SN.ITK.DEFC.ZS,,,,,,,,,,,,,,,,,,,,,,,,,,,,,,,,,,,,,,,,,14.6,14.0,13.5,12.9,12.2,11.1,9.8,8.6,7.7,7.2,6.9,6.7,6.4,6.1,5.9,5.9,6.0,,,
109,Mali,MLI,Consumer price index (2010 = 100),FP.CPI.TOTL,,,,,,,,,,,,,,,,,,,,,,,,,,,,,52.594061990903995,52.5537260280306,52.872380134732,53.824308858549394,50.464323151177204,50.331214473694295,61.9963749367433,70.3297848664319,75.1160502210147,74.84337911198921,77.8644990643947,76.9286427797623,76.40732686281879,80.37058401451921,84.41549305682571,83.2786475030098,80.6971915769417,85.8601034290779,87.1853764227528,88.4164356964982,96.52509652509649,98.90323541092951,100.0,102.95564395229401,108.43610514765,107.778183874307,108.73074314203001,110.308089786071,108.32293347934299,110.229262671784,,
110,Mali,MLI,Refugee population by country or territory of asylum,SM.POP.REFG,,,,,,,,,,,,,,,,,,,,,,,,,,,,,,,13411.0,13120.0,13109.0,15224.0,15800.0,17916.0,18234.0,12552.0,13598.0,8302.0,8412.0,8439.0,9095.0,10009.0,11256.0,11233.0,10585.0,9203.0,9578.0,13538.0,13558.0,15624.0,13928.0,14316.0,15195.0,15917.0,17512.0,17036.0,,
111,Mali,MLI,Refugee population by country or territory of origin,SM.POP.REFG.OR,,,,,,,,,,,,,,,,,,,,,,,,,,,,,,,1.0,14704.0,71189.0,98572.0,172905.0,77219.0,55198.0,18015.0,3702.0,387.0,364.0,311.0,531.0,461.0,483.0,520.0,594.0,4494.0,1758.0,2926.0,3663.0,4295.0,149943.0,152828.0,139267.0,154213.0,156428.0,150285.0,,
112,Mali,MLI,"Adolescent fertility rate (births per 1,000 women ages 15-19)",SP.ADO.TFRT,199.98,199.56400000000002,199.148,198.6042,198.0604,197.5166,196.9728,196.429,195.9734,195.5178,195.0622,194.6066,194.15099999999998,193.7364,193.3218,192.9072,192.4926,192.078,192.0494,192.0208,191.9922,191.9636,191.935,192.4212,192.9074,193.3936,193.8798,194.36599999999999,194.7606,195.1552,195.5498,195.9444,196.33900000000003,195.2604,194.1818,193.1032,192.0246,190.946,190.0094,189.0728,188.1362,187.1996,186.263,186.1042,185.9454,185.7866,185.6278,185.46900000000002,184.1562,182.8434,181.5306,180.2178,178.905,176.9494,174.9938,173.0382,171.0826,,,
113,Mali,MLI,"People using at least basic sanitation services, urban (% of urban population)",SH.STA.BASS.UR.ZS,,,,,,,,,,,,,,,,,,,,,,,,,,,,,,,,,,,,,,,,,37.7672797221833,38.314161342764294,38.8610429633454,39.407924583926395,39.9548062045074,40.5016878250886,41.04856944566961,41.5954510662505,42.1423326868315,42.689214307412705,43.23609592799371,43.7829775485746,44.3298591691556,44.87674078973679,45.423622410317705,45.9705040308987,,,,
114,Mali,MLI,Population density (people per sq. km of land area),EN.POP.DNST,,4.36183381276686,4.41027053163852,4.45964398987043,4.51056966537998,4.56362041977069,4.618837230267419,4.67648399019825,4.7376515132889105,4.80368795023726,4.87550709315762,4.9537612994697495,5.03811537547431,5.127223629106941,5.21914455945386,5.31251526401626,5.40634901121956,5.501111302338161,5.598550225784509,5.70122603856776,5.810673747531119,5.928833214499379,6.054512821773661,6.18243306370319,6.3053024528966795,6.4185815323843,6.51961088027274,6.61188667338693,6.704470615232049,6.81003040510084,6.9375982428966,7.09112023537318,7.267936141092781,7.462339471721621,7.66551520664814,7.871274145829751,8.07809439513518,8.28895008154468,8.50755620026389,8.73939550397889,8.9885099861497,9.25532744900384,9.53862021488457,9.838736590203169,10.155718371729,10.4891557872135,10.840167514895198,11.2077676427442,11.5868971225793,11.9707561937075,12.354702956097,12.7365320155058,13.118178316491699,13.5043050672436,13.9018070956163,14.315725419811699,14.7475696407936,15.195977675607901,,
115,Mali,MLI,Current health expenditure per capita (current US$),SH.XPD.CHEX.PC.CD,,,,,,,,,,,,,,,,,,,,,,,,,,,,,,,,,,,,,,,,,13.74384831,13.16881906,14.54822978,18.18686912,22.90190834,24.32687919,27.40260076,31.26333834,33.14415863,32.73189198,31.368501600000002,34.24137183,34.22156377,42.195893,47.85089271,42.29922694,,,,
116,Mali,MLI,"Government expenditure on education, total (% of government expenditure)",SE.XPD.TOTL.GB.ZS,,,,,,,,,,,,,,,,,,,,,,,,,,,,,,,,,,,,,,,,,15.32381,14.49319,14.525210000000001,18.28376,17.73635,16.2803,,,18.03169,16.959410000000002,16.50391,18.25834,22.40338,16.62345,18.22426,18.15549,,,,
117,Mali,MLI,"Presence of peace keepers (number of troops, police, and military observers in mandate)",VC.PKP.TOTL.UN,,,,,,,,,,,,,,,,,,,,,,,,,,,,,,,,,,,,,,,,,,,,,,,,,,,,,,6439.0,9494.0,11667.0,12057.0,13913.0,,
118,Mali,MLI,"Net official flows from UN agencies, IAEA (current US$)",DT.NFL.IAEA.CD,,,,,,,,,,,,,,,,,,,,,,,,,,,,,,,,,,,,,,,,,,,,,,,180000.0,790000.0,530000.0,400000.0,430000.0,380000.0,210000.0,220000.0,290000.0,380000.0,120000.0,250000.0,,
119,Mali,MLI,"Net official flows from UN agencies, IFAD (current US$)",DT.NFL.IFAD.CD,,,,,,,,,,,,,,,,,,,,,,,,,490000.0,2350000.0,4580000.0,6660000.0,3380000.0,3930000.0,3970000.0,520000.0,2200000.0,1450000.0,-600000.0,750000.0,2710000.0,2710000.0,2970000.0,2120000.0,2260000.0,2020000.0,2750000.0,4850000.0,7260000.0,5590000.0,3290000.0,3720000.0,2310000.0,-470000.0,1800000.0,2490000.0,4680000.0,3270000.0,6680000.0,5870000.0,8960000.0,10970000.0,,
120,Mali,MLI,"Net official flows from UN agencies, ILO (current US$)",DT.NFL.ILOG.CD,,,,,,,,,,,,,,,,,,,,,,,,,,,,,,,,,,,,,,,,,,,,,,,,,,,,,220000.0,290000.0,250000.0,220000.0,290000.0,370000.0,,
121,Mali,MLI,"Net official flows from UN agencies, UNAIDS (current US$)",DT.NFL.UNAI.CD,,,,,,,,,,,,,,,,,,,,,,,,,,,,,,,,,,,,,,,,,,,,,,70000.0,280000.0,800000.0,560000.0,410000.0,600000.0,640000.0,410000.0,390000.0,510000.0,470000.0,420000.0,650000.0,,
122,Mali,MLI,"Net official flows from UN agencies, UNDP (current US$)",DT.NFL.UNDP.CD,,,,,,,,,2260000.0,1600000.0,1990000.0,2250000.0,2830000.0,2660000.0,2190000.0,3230000.0,2860000.0,3100000.0,3430000.0,5370000.0,6480000.0,8610000.0,10950000.0,11360000.0,10960000.0,10870000.0,12880000.0,11720000.0,11830000.0,12290000.0,8290000.0,10770000.0,12020000.0,8320000.0,5380000.0,6360000.0,8320000.0,11320000.0,9840000.0,7510000.0,1960000.0,2630000.0,3560000.0,3830000.0,8250000.0,4300000.0,7320000.0,5980000.0,6690000.0,11080000.0,7880000.0,5180000.0,3020000.0,2970000.0,4720000.0,3910000.0,5260000.0,4520000.0,,
123,Mali,MLI,"Net official flows from UN agencies, UNFPA (current US$)",DT.NFL.UNFP.CD,,,,,,,,,,,,,,,,,,190000.0,,,930000.0,250000.0,340000.0,440000.0,330000.0,510000.0,720000.0,740000.0,460000.0,750000.0,780000.0,830000.0,900000.0,860000.0,860000.0,1820000.0,1790000.0,2340000.0,1780000.0,1080000.0,810000.0,2070000.0,2230000.0,1980000.0,2120000.0,1190000.0,1860000.0,2130000.0,2740000.0,2580000.0,2670000.0,2900000.0,2260000.0,2560000.0,2610000.0,2720000.0,2930000.0,2710000.0,,
124,Mali,MLI,"Net official flows from UN agencies, UNICEF (current US$)",DT.NFL.UNCF.CD,,,,,,,,,,,100000.0,230000.0,260000.0,240000.0,450000.0,720000.0,330000.0,300000.0,1050000.0,1200000.0,1550000.0,1990000.0,1070000.0,1310000.0,1790000.0,3350000.0,4470000.0,4370000.0,4400000.0,6240000.0,6140000.0,6190000.0,6550000.0,6790000.0,7110000.0,6550000.0,5610000.0,4430000.0,3450000.0,5120000.0,5020000.0,4880000.0,5270000.0,5130000.0,5950000.0,6930000.0,9530000.0,14500000.0,11190000.0,14690000.0,13220000.0,15330000.0,10980000.0,16150000.0,15680000.0,13880000.0,19180000.0,19330000.0,,
125,Mali,MLI,"Net official flows from UN agencies, WHO (current US$)",DT.NFL.WHOL.CD,,,,,,,,,,,,,,,,,,,,,,,,,,,,,,,,,,,,,,,,,,,,,,,,,,,,1130000.0,1330000.0,1660000.0,1310000.0,1660000.0,1320000.0,1580000.0,,
126,Mauritania,MRT,Crop production index (2004-2006 = 100),AG.PRD.CROP.XD,,44.75,44.4,49.52,51.04,55.26,48.24,47.2,48.8,52.0,49.29,37.32,32.78,28.96,33.94,36.4,36.35,33.64,38.57,38.36,42.18,47.36,44.9,37.95,40.2,58.51,63.76,74.48,79.18,86.09,63.73,63.18,64.39,83.97,97.15,107.75,111.58,108.05,104.89,109.34,107.82,87.95,92.7,106.38,93.42,104.66,101.92,108.3,110.04,101.9,143.48,128.84,169.42,167.07,198.63,219.03,172.85,,,
127,Mauritania,MRT,Cereal yield (kg per hectare),AG.YLD.CREL.KG,,369.8,378.8,374.5,376.1,340.5,369.3,374.9,387.3,399.1,343.0,206.8,209.9,217.0,330.2,435.7,558.8,414.3,328.2,308.1,422.3,420.4,451.1,464.3,501.3,638.7,699.1,1010.8,863.2,949.8,869.8,673.7,862.1,849.0,668.0,772.4,849.7,782.1,894.4,864.2,864.4,639.2,1011.8,797.9,637.5,841.2,661.3,705.8,765.8,713.3,955.1,1374.4,1034.3,1196.9,1678.8,1600.7,1221.6,,,
128,Mauritania,MRT,Agricultural land (% of land area),AG.LND.AGRI.ZS,,38.3448142039391,38.3448142039391,38.3457844183565,38.3457844183565,38.3457844183565,38.3457844183565,38.3457844183565,38.3457844183565,38.355486562530295,38.355486562530295,38.3166779858349,38.3166779858349,38.3040651984089,38.2749587658873,38.2710779082177,38.2739885514699,38.2749587658873,38.2710779082177,38.2739885514699,38.288541767730706,38.3079460560784,38.3273503444261,38.346754632773795,38.3574269913651,38.376831279712796,38.3962355680605,38.4156398564083,38.435044144756,38.45444843310371,38.4748229358688,38.4845250800427,38.496167653051295,38.50781022606,38.5466188027554,38.575725235277,38.5660230911031,38.5660230911031,38.5660230911031,38.5660230911031,38.5660230911031,38.5291549432425,38.4806442223731,38.4806442223731,38.4796740079558,38.4796740079558,38.4796740079558,38.4796740079558,38.4796740079558,38.4699718637819,38.5281847288251,38.4796740079558,38.4796740079558,38.5281847288251,38.5281847288251,38.5281847288251,38.5281847288251,,,
129,Mauritania,MRT,Prevalence of undernourishment (% of population),SN.ITK.DEFC.ZS,,,,,,,,,,,,,,,,,,,,,,,,,,,,,,,,,,,,,,,,,11.6,11.4,11.4,11.5,12.1,12.1,11.5,10.2,9.3,8.7,8.2,7.8,7.2,7.1,7.2,9.4,11.3,,,
130,Mauritania,MRT,Consumer price index (2010 = 100),FP.CPI.TOTL,,,,,,,,,,,,,,,,,,,,,,,,,,20.8951543874346,22.4483608635672,24.2784281353335,24.5988205026074,27.780107758094303,29.613657555591697,31.2805116272042,34.4529240489427,37.6812816054137,39.236862358760796,41.8044405029745,43.7614343844879,45.7855525564604,49.4628955139399,51.4781009991274,53.1532331319081,55.6593529791016,57.8276773194462,60.806902299132204,67.1111328986714,75.2487931250063,79.945095347811,85.7443992352565,92.0437276337074,94.0879454875239,100.0,105.68631959576,110.867514550585,115.44534702058701,119.525611071366,123.41584326479601,125.232167135102,128.05524647349898,,
131,Mauritania,MRT,Refugee population by country or territory of asylum,SM.POP.REFG,,,,,,,,,,,,,,,,,,,,,,,,,,,,,,,60000.0,35200.0,37500.0,51548.0,82229.0,34394.0,15880.0,7511.0,26.0,223.0,350.0,365.0,405.0,475.0,473.0,632.0,770.0,30471.0,27041.0,26795.0,26717.0,26535.0,80496.0,92767.0,75635.0,77394.0,74148.0,77400.0,,
132,Mauritania,MRT,Refugee population by country or territory of origin,SM.POP.REFG.OR,,,,,,,,,,,,,,,,,,,,,,,,,,,,,,,65999.0,79881.0,79594.0,67894.0,68043.0,84312.0,83234.0,70294.0,70224.0,29948.0,29752.0,29862.0,30137.0,30525.0,31131.0,31651.0,33428.0,33108.0,45601.0,39143.0,37733.0,39929.0,33765.0,34252.0,34113.0,34660.0,36266.0,36495.0,,
133,Mauritania,MRT,"Adolescent fertility rate (births per 1,000 women ages 15-19)",SP.ADO.TFRT,148.47299999999998,145.703,142.933,140.3424,137.7518,135.1612,132.5706,129.98,128.1266,126.2732,124.4198,122.5664,120.713,119.51899999999999,118.325,117.131,115.93700000000001,114.743,114.1872,113.6314,113.0756,112.5198,111.964,111.6418,111.3196,110.9974,110.6752,110.353,109.7766,109.2002,108.6238,108.0474,107.471,106.3714,105.2718,104.1722,103.0726,101.973,100.6312,99.2894,97.9476,96.6058,95.264,94.0756,92.8872,91.6988,90.5104,89.322,88.584,87.846,87.10799999999999,86.37,85.632,84.3498,83.0676,81.7854,80.5032,,,
134,Mauritania,MRT,"People using at least basic sanitation services, urban (% of urban population)",SH.STA.BASS.UR.ZS,,,,,,,,,,,,,,,,,,,,,,,,,,,,,,,,,,,,,,,,,39.9180802735832,41.4597316575221,43.0013830414609,44.543034425399796,46.0846858093387,47.62633719327721,49.1679885772161,50.709639961155005,52.2512913450939,53.792942729032404,55.334594112971295,56.8762454969101,58.417896880849,59.959548264787905,61.5011996487264,63.0428510326653,,,,
135,Mauritania,MRT,Population density (people per sq. km of land area),EN.POP.DNST,,0.8569137479382941,0.8820937227127191,0.908136218104201,0.935041234112739,0.962808770738333,0.991444649267488,1.0209430484137,1.0513078490346401,1.08255360434656,1.11468710585039,1.14771902590473,1.1816639177258201,1.21652663238576,1.25234306781799,1.28911031337926,1.32682933928398,1.36551469874842,1.4052721451440802,1.44620452119919,1.48839138449597,1.531908411759,1.5767187348404,1.6226797322208202,1.66955661201125,1.71722324633744,1.76574560977976,1.8152498302124802,1.86572426506258,1.91717279518774,1.96967109731251,2.0230930435626298,2.07766081303968,2.1342689434365,2.1940457941205,2.25776171533909,2.3258416610070802,2.397980013583,2.47329290773261,2.55050257106821,2.62865916367517,2.7076055108178902,2.78764723003784,2.8690375472979506,2.9521907441544597,3.0374696807994597,3.12472397399825,3.2139953429708,3.30604540603473,3.40185116910837,3.50203065877559,3.6069389735131496,3.71615309983506,3.8286310274570696,3.9428737751043,4.057767536625589,4.17290967303774,4.28852624429999,,
136,Mauritania,MRT,Current health expenditure per capita (current US$),SH.XPD.CHEX.PC.CD,,,,,,,,,,,,,,,,,,,,,,,,,,,,,,,,,,,,,,,,,21.30858281,21.50127005,23.90957684,27.03731888,28.627390500000004,31.16226891,32.05526531,36.77570714,44.9058105,40.80838357,40.07497643,44.00233895,45.67228084,51.85372274,55.47625433,53.61152863,,,,
137,Mauritania,MRT,"Government expenditure on education, total (% of government expenditure)",SE.XPD.TOTL.GB.ZS,,,,,,,,,,,,,,,,,,,,,,,,,,,,,,,,,,,,,,,,,,,,,8.17586,,10.31029,,13.880170000000001,,16.035020000000003,13.68266,10.01775,11.40537,,,9.33055,,,
138,Mauritania,MRT,"Presence of peace keepers (number of troops, police, and military observers in mandate)",VC.PKP.TOTL.UN,,,,,,,,,,,,,,,,,,,,,,,,,,,,,,,,,,,,,,,,,,,,,,,,,,,,,,,,,,,,
139,Mauritania,MRT,"Net official flows from UN agencies, IAEA (current US$)",DT.NFL.IAEA.CD,,,,,,,,,,,,,,,,,,,,,,,,,,,,,,,,,,,,,,,,,,,,,,,,90000.0,150000.0,150000.0,260000.0,490000.0,280000.0,340000.0,420000.0,890000.0,720000.0,660000.0,,
140,Mauritania,MRT,"Net official flows from UN agencies, IFAD (current US$)",DT.NFL.IFAD.CD,,,,,,,,,,,,,,,,,,,,,,,150000.0,440000.0,1250000.0,1480000.0,1510000.0,2280000.0,2200000.0,540000.0,3360000.0,40000.0,10000.0,630000.0,-270000.0,5670000.0,3500000.0,1440000.0,4290000.0,910000.0,1470000.0,550000.0,-270000.0,-160000.0,730000.0,780000.0,1390000.0,5480000.0,4540000.0,3680000.0,2420000.0,1040000.0,1720000.0,1600000.0,1880000.0,3570000.0,2510000.0,2960000.0,,
141,Mauritania,MRT,"Net official flows from UN agencies, ILO (current US$)",DT.NFL.ILOG.CD,,,,,,,,,,,,,,,,,,,,,,,,,,,,,,,,,,,,,,,,,,,,,,,,,,,,,240000.0,350000.0,200000.0,230000.0,350000.0,420000.0,,
142,Mauritania,MRT,"Net official flows from UN agencies, UNAIDS (current US$)",DT.NFL.UNAI.CD,,,,,,,,,,,,,,,,,,,,,,,,,,,,,,,,,,,,,,,,,,,,,,,60000.0,190000.0,320000.0,210000.0,130000.0,110000.0,160000.0,210000.0,160000.0,150000.0,140000.0,130000.0,,
143,Mauritania,MRT,"Net official flows from UN agencies, UNDP (current US$)",DT.NFL.UNDP.CD,,,,,,,,,530000.0,370000.0,880000.0,1050000.0,1270000.0,1540000.0,1290000.0,1450000.0,1470000.0,830000.0,840000.0,1510000.0,2610000.0,8350000.0,4660000.0,4320000.0,4850000.0,5480000.0,5580000.0,6840000.0,8670000.0,7030000.0,2810000.0,3660000.0,3930000.0,2990000.0,2080000.0,3150000.0,2630000.0,3880000.0,1550000.0,2510000.0,1910000.0,830000.0,630000.0,2090000.0,2170000.0,2820000.0,3130000.0,2730000.0,2140000.0,1870000.0,2450000.0,1700000.0,2230000.0,2010000.0,2070000.0,1840000.0,1830000.0,1650000.0,,
144,Mauritania,MRT,"Net official flows from UN agencies, UNFPA (current US$)",DT.NFL.UNFP.CD,,,,,,,,,,,,,,,,,,100000.0,,,430000.0,820000.0,610000.0,670000.0,680000.0,800000.0,540000.0,650000.0,650000.0,820000.0,980000.0,880000.0,420000.0,640000.0,1190000.0,950000.0,520000.0,990000.0,840000.0,840000.0,720000.0,1290000.0,2030000.0,1430000.0,1520000.0,1790000.0,2000000.0,2140000.0,2990000.0,2500000.0,2670000.0,2100000.0,2970000.0,1900000.0,1610000.0,1120000.0,1010000.0,1160000.0,,
145,Mauritania,MRT,"Net official flows from UN agencies, UNICEF (current US$)",DT.NFL.UNCF.CD,,,,,,,,,,,120000.0,150000.0,160000.0,60000.0,180000.0,230000.0,120000.0,110000.0,280000.0,410000.0,390000.0,410000.0,520000.0,710000.0,500000.0,1580000.0,970000.0,2020000.0,860000.0,1690000.0,2290000.0,1370000.0,1390000.0,1880000.0,2030000.0,2370000.0,2890000.0,1770000.0,1590000.0,1370000.0,1290000.0,1250000.0,1350000.0,1210000.0,1320000.0,1780000.0,1820000.0,2430000.0,2620000.0,2050000.0,2450000.0,2550000.0,1780000.0,2030000.0,2390000.0,3100000.0,3140000.0,2950000.0,,
146,Mauritania,MRT,"Net official flows from UN agencies, WHO (current US$)",DT.NFL.WHOL.CD,,,,,,,,,,,,,,,,,,,,,,,,,,,,,,,,,,,,,,,,,,,,,,,,,,,,940000.0,1160000.0,1200000.0,1220000.0,1480000.0,1310000.0,810000.0,,
147,Niger,NER,Crop production index (2004-2006 = 100),AG.PRD.CROP.XD,,24.73,29.87,31.63,30.92,30.54,32.71,36.26,28.56,34.02,29.04,32.08,31.65,19.32,27.29,23.95,32.19,33.52,36.68,39.28,40.64,38.96,38.45,38.14,25.22,35.03,40.04,31.69,46.94,40.82,44.68,51.11,53.62,46.81,49.79,51.51,55.82,47.84,81.17,75.94,60.86,81.33,96.75,96.91,82.1,103.85,114.05,120.87,161.46,121.56,181.42,154.96,175.78,185.14,196.77,213.59,235.71,,,
148,Niger,NER,Cereal yield (kg per hectare),AG.YLD.CREL.KG,,505.2,547.8,560.1,599.3,467.5,496.2,571.3,394.0,493.7,390.2,424.8,417.6,323.9,406.0,346.4,423.4,431.3,431.5,447.0,457.4,415.6,400.3,401.9,257.1,425.0,418.9,326.5,475.2,352.7,310.3,336.8,309.3,326.3,267.9,312.3,291.0,287.6,389.5,380.1,289.1,394.4,422.9,427.7,341.5,436.6,449.6,424.8,496.5,386.0,492.9,363.1,520.0,406.8,446.0,551.5,530.3,,,
149,Niger,NER,Agricultural land (% of land area),AG.LND.AGRI.ZS,,24.867766637720102,24.867766637720102,24.867766637720102,24.867766637720102,24.867766637720102,24.867766637720102,24.867766637720102,25.402226257203804,25.4014368042946,24.630930764979897,24.6546143522539,24.6127733480698,24.3262019420542,23.5099076340096,23.5099076340096,23.5099076340096,23.5099076340096,23.5099076340096,23.6504302518355,24.2519933685956,23.904634088576604,23.9677903213073,24.480934712244395,24.299360543143603,24.299360543143603,24.6940869977106,24.4825136180627,24.709876055893304,24.7927686113523,26.0890502881503,26.924291466014104,27.630851819689003,27.630851819689003,27.630851819689003,28.4203047288229,28.4203047288229,28.4203047288229,28.4203047288229,29.2097576379569,29.2097576379569,29.999210547090897,29.999210547090897,30.324465145654102,30.371832320202103,33.918844240941,33.937791110760195,34.5638272677035,34.5638272677035,34.5638272677035,34.7217178495303,35.1164443040973,35.3532801768375,36.063787795058,36.063787795058,36.063787795058,36.063787795058,,,
150,Niger,NER,Prevalence of undernourishment (% of population),SN.ITK.DEFC.ZS,,,,,,,,,,,,,,,,,,,,,,,,,,,,,,,,,,,,,,,,,21.6,19.7,18.5,17.1,15.9,15.1,14.4,13.5,12.4,11.7,11.3,10.9,10.6,10.3,10.2,12.3,14.4,,,
151,Niger,NER,Consumer price index (2010 = 100),FP.CPI.TOTL,,,,11.666884832858901,11.784022230780302,12.299426781751801,13.599651898562698,13.658220597523401,13.258977299705501,14.670482944609999,14.834475301700099,15.4562796556665,16.9634475089419,18.9625924334387,19.6068481219968,21.394169585310898,26.428149260965398,32.5729819269279,35.8606382285801,38.466945332351706,42.4310701069905,52.153474134441204,58.22509592675161,56.775520627464,61.5244659681178,60.9563495883257,59.0011311880104,55.040910993321894,54.2736610369365,52.730375819321395,52.3213710715791,48.2420611889648,46.082930861870096,45.5230071389855,61.929980687971494,68.4718233208102,72.0932004925605,74.208020309211,77.58301278081221,75.7969548179652,77.9951800030077,81.1192880784906,83.2518054455024,81.9077818948645,82.1228256629665,88.5263512020049,88.56219183002192,88.6099793340446,98.6274348647978,99.2023406829628,100.0,102.942385140133,103.410865455741,105.78645206901301,104.802334182625,105.848606887483,106.035999013726,108.56250513684601,,
152,Niger,NER,Refugee population by country or territory of asylum,SM.POP.REFG,,,,,,,,,,,,,,,,,,,,,,,,,,,,,,,792.0,1385.0,3699.0,16692.0,15070.0,27622.0,25845.0,7376.0,3691.0,350.0,58.0,83.0,296.0,328.0,344.0,301.0,317.0,319.0,320.0,325.0,314.0,302.0,50510.0,57661.0,77830.0,124721.0,166093.0,165719.0,,
153,Niger,NER,Refugee population by country or territory of origin,SM.POP.REFG.OR,,,,,,,,,,,,,,,,,,,,,,,,,,,,,,,,2.0,22008.0,22307.0,22024.0,10291.0,10361.0,2788.0,423.0,514.0,493.0,483.0,834.0,728.0,689.0,655.0,818.0,827.0,796.0,822.0,803.0,819.0,832.0,683.0,739.0,1390.0,1235.0,1343.0,,
154,Niger,NER,"Adolescent fertility rate (births per 1,000 women ages 15-19)",SP.ADO.TFRT,206.2864,207.4082,208.53,209.3538,210.1776,211.0014,211.8252,212.649,213.4092,214.1694,214.9296,215.6898,216.45,217.679,218.908,220.137,221.36599999999999,222.595,223.6654,224.7358,225.8062,226.8766,227.947,227.373,226.799,226.225,225.65099999999998,225.077,224.6148,224.1526,223.6904,223.2282,222.766,222.1278,221.4896,220.8514,220.2132,219.575,218.7698,217.9646,217.1594,216.3542,215.549,214.3628,213.1766,211.9904,210.8042,209.618,208.1162,206.6144,205.1126,203.6108,202.109,200.084,198.05900000000003,196.03400000000002,194.00900000000001,,,
155,Niger,NER,"People using at least basic sanitation services, urban (% of urban population)",SH.STA.BASS.UR.ZS,,,,,,,,,,,,,,,,,,,,,,,,,,,,,,,,,,,,,,,,,25.672956632661098,26.866084372803,28.0592121129452,29.2523398530871,30.4454675932293,31.6385953333712,32.831723073513395,34.0248508136552,35.217978553797394,36.4111062939393,37.6042340340815,38.7973617742234,39.9904895143656,41.183617254507496,42.3767449946497,43.5698727347916,,,,
156,Niger,NER,Population density (people per sq. km of land area),EN.POP.DNST,,2.75226572984921,2.8326801926265097,2.91613325965106,3.0020052103892003,3.0898665824583595,3.17972527038762,3.2718046893502795,3.36602589405542,3.46234941185758,3.56081076813768,3.66134759611589,3.7641730480776805,3.86990289729218,3.9793605431436,4.09316412725981,4.21166653509118,4.33482355727481,4.46226809820794,4.59343648851346,4.72795768532407,4.86619246861925,5.0085908265572,5.15504381463646,5.30539512118102,5.45979868950817,5.618334254361731,5.78192863345701,5.95267466645615,6.13325570379727,6.325776426936129,6.53112497039552,6.7493676482197795,6.9806702455198595,7.22488592405463,7.481908107681379,7.75239914739086,8.03667877161127,8.3338983184653,8.64279545275124,8.96263756216942,9.293420699455279,9.636063787795061,9.99200284203047,10.3631578116365,10.7511241809426,11.1565990368675,11.5799621062604,12.022203363069401,12.4843396226415,12.967220336306902,13.471726533512301,13.9982900449988,14.546752980184698,15.116617194284402,15.707716902186801,16.3203497276387,16.9553548590827,,
157,Niger,NER,Current health expenditure per capita (current US$),SH.XPD.CHEX.PC.CD,,,,,,,,,,,,,,,,,,,,,,,,,,,,,,,,,,,,,,,,,8.58491322,9.41268548,10.48879984,12.02276116,14.02532633,17.77231036,19.24364384,20.439610300000002,23.82330835,23.26017372,21.75313433,24.23289025,23.50533974,25.3403301,25.21038814,25.72284735,,,,
158,Niger,NER,"Government expenditure on education, total (% of government expenditure)",SE.XPD.TOTL.GB.ZS,,,,,,,,,,,,,,,,,,,,,,,,,,,,,,,,,,,,,17.74954,,,17.117810000000002,18.783170000000002,16.595570000000002,16.65247,13.8455,,,16.883770000000002,17.375970000000002,16.177329999999998,18.91294,18.104039999999998,21.675810000000002,19.19202,18.084529999999997,21.6615,18.51086,18.27405,16.59593,,
159,Niger,NER,"Presence of peace keepers (number of troops, police, and military observers in mandate)",VC.PKP.TOTL.UN,,,,,,,,,,,,,,,,,,,,,,,,,,,,,,,,,,,,,,,,,,,,,,,,,,,,,,,,,,,,
160,Niger,NER,"Net official flows from UN agencies, IAEA (current US$)",DT.NFL.IAEA.CD,,,,,,,,,,,,,,,,,,,,,,,,,,,,,,,,,,,,,,,,,,,,,,,220000.0,320000.0,350000.0,450000.0,530000.0,270000.0,360000.0,280000.0,610000.0,150000.0,220000.0,490000.0,,
161,Niger,NER,"Net official flows from UN agencies, IFAD (current US$)",DT.NFL.IFAD.CD,,,,,,,,,,,,,,,,,,,,,,630000.0,1420000.0,940000.0,790000.0,1010000.0,1500000.0,2110000.0,,,610000.0,-320000.0,550000.0,1530000.0,710000.0,1990000.0,20000.0,1040000.0,2840000.0,1950000.0,2180000.0,1880000.0,1910000.0,1300000.0,1270000.0,130000.0,290000.0,860000.0,9410000.0,1050000.0,2820000.0,8930000.0,15610000.0,11410000.0,5080000.0,6870000.0,10640000.0,12280000.0,,
162,Niger,NER,"Net official flows from UN agencies, ILO (current US$)",DT.NFL.ILOG.CD,,,,,,,,,,,,,,,,,,,,,,,,,,,,,,,,,,,,,,,,,,,,,,,,,,,,,210000.0,320000.0,580000.0,500000.0,740000.0,260000.0,,
163,Niger,NER,"Net official flows from UN agencies, UNAIDS (current US$)",DT.NFL.UNAI.CD,,,,,,,,,,,,,,,,,,,,,,,,,,,,,,,,,,,,,,,,,,,,,,,330000.0,190000.0,260000.0,320000.0,450000.0,570000.0,430000.0,490000.0,370000.0,370000.0,390000.0,360000.0,,
164,Niger,NER,"Net official flows from UN agencies, UNDP (current US$)",DT.NFL.UNDP.CD,,,,,,,,,840000.0,1580000.0,1500000.0,1810000.0,2000000.0,1930000.0,1820000.0,2810000.0,2430000.0,2370000.0,2990000.0,3960000.0,5170000.0,8180000.0,8100000.0,9830000.0,8950000.0,10170000.0,9300000.0,10320000.0,13370000.0,11410000.0,10140000.0,14240000.0,12120000.0,9910000.0,6160000.0,3740000.0,3090000.0,3890000.0,4350000.0,5400000.0,5460000.0,5030000.0,3390000.0,5700000.0,5910000.0,6540000.0,7610000.0,7340000.0,6950000.0,8750000.0,9760000.0,9000000.0,9530000.0,8810000.0,9260000.0,8160000.0,7720000.0,7310000.0,,
165,Niger,NER,"Net official flows from UN agencies, UNFPA (current US$)",DT.NFL.UNFP.CD,,,,,,,,,,,,,,,,,,640000.0,,,240000.0,70000.0,100000.0,490000.0,260000.0,470000.0,630000.0,850000.0,790000.0,930000.0,1290000.0,1190000.0,720000.0,1100000.0,970000.0,1030000.0,1660000.0,2160000.0,3570000.0,1360000.0,980000.0,2340000.0,2870000.0,3110000.0,2210000.0,1970000.0,2230000.0,1930000.0,2260000.0,2690000.0,3280000.0,3080000.0,3380000.0,3780000.0,3260000.0,3640000.0,3220000.0,2960000.0,,
166,Niger,NER,"Net official flows from UN agencies, UNICEF (current US$)",DT.NFL.UNCF.CD,,,,,,,,,,,120000.0,220000.0,270000.0,320000.0,220000.0,480000.0,440000.0,230000.0,660000.0,1150000.0,790000.0,1030000.0,1370000.0,1030000.0,1720000.0,3300000.0,3320000.0,3690000.0,2420000.0,2230000.0,2440000.0,3020000.0,2960000.0,3490000.0,4580000.0,4090000.0,4970000.0,3780000.0,4260000.0,5530000.0,5900000.0,5890000.0,6140000.0,6630000.0,6850000.0,8160000.0,12150000.0,19900000.0,19520000.0,18160000.0,22810000.0,20350000.0,16990000.0,20810000.0,19790000.0,19700000.0,20200000.0,27150000.0,,
167,Niger,NER,"Net official flows from UN agencies, WHO (current US$)",DT.NFL.WHOL.CD,,,,,,,,,,,,,,,,,,,,,,,,,,,,,,,,,,,,,,,,,,,,,,,,,,,,1350000.0,1140000.0,1750000.0,1710000.0,2450000.0,1300000.0,1610000.0,,
168,Nigeria,NGA,Crop production index (2004-2006 = 100),AG.PRD.CROP.XD,,22.43,23.5,24.81,25.52,26.75,26.03,27.13,27.64,30.83,33.91,30.27,26.27,27.21,30.11,29.16,26.64,26.37,25.46,25.79,26.48,26.7,27.2,27.22,28.65,30.4,33.2,33.96,40.27,44.78,48.1,55.21,59.96,63.29,64.89,66.95,69.76,72.44,76.12,79.4,80.49,79.39,83.32,87.77,93.68,99.47,106.85,97.54,104.31,90.12,104.48,96.29,107.45,104.28,117.8,120.14,118.87,,,
169,Nigeria,NGA,Cereal yield (kg per hectare),AG.YLD.CREL.KG,,743.0,782.8,763.7,717.8,687.1,607.8,693.5,671.1,611.0,722.9,709.6,654.9,659.2,996.1,967.1,725.2,932.6,916.1,1053.3,1087.0,1655.5,1632.9,1526.0,1266.3,1247.9,1156.7,1203.0,1305.5,1252.9,1147.9,1094.1,1164.0,1153.1,1132.3,1210.5,1220.4,1182.8,1201.8,1239.3,1171.5,1233.6,1255.2,1308.8,1372.8,1421.7,1507.5,1399.8,1598.4,1531.1,1528.2,1334.6,1399.7,1234.7,1449.8,1443.5,1443.6,,,
170,Nigeria,NGA,Agricultural land (% of land area),AG.LND.AGRI.ZS,,58.386323351395,59.1806932595496,61.505001434225996,62.5526426128441,64.85735027092461,62.041995543606006,63.91610515690021,63.87117408209539,70.0660224315689,67.0097486193002,65.3046966783601,60.5531583165893,66.2077143515926,61.651130362221004,60.5531583165893,60.5531583165893,55.43990250008229,53.75122149390079,52.9595836490003,55.379514037572605,51.845142022684094,53.1451409247121,53.4635528179453,57.759917432502206,60.305016634276505,65.8794207099487,66.25273120546349,66.74352470986089,67.1761256958398,67.619706402275,70.19225490519011,70.7610044248273,71.43955114902779,72.7033169735499,75.1012879212095,75.3208823303359,75.5404767394622,76.47375297824921,77.8462180352888,78.2854068535415,76.3090571714044,77.51682642159929,78.77949427407579,78.8343928763574,79.82256771742591,80.4813509448049,80.92053976305759,79.82256771742591,75.7600711485886,76.8580431942203,77.956015239852,79.0539872854837,77.73642083072559,77.73642083072559,77.73642083072559,77.73642083072559,,,
171,Nigeria,NGA,Prevalence of undernourishment (% of population),SN.ITK.DEFC.ZS,,,,,,,,,,,,,,,,,,,,,,,,,,,,,,,,,,,,,,,,,9.3,9.0,9.0,8.3,7.4,6.5,6.1,6.0,6.0,6.1,6.2,6.5,6.7,7.1,7.8,9.0,11.5,,,
172,Nigeria,NGA,Consumer price index (2010 = 100),FP.CPI.TOTL,0.0664850693723651,0.0706597647673983,0.0743804481967515,0.0723761514683327,0.07299626537326201,0.0759916370032196,0.0833554896235395,0.0802493833679333,0.0798673489085698,0.0879786602535694,0.100081954861415,0.11609418176203999,0.120108311949839,0.126597361025783,0.142642808314445,0.191090280358406,0.237525218485498,0.273362629294755,0.332707594254234,0.371666757297719,0.40873034006523795,0.493798661931428,0.531810034836681,0.6552555433452889,0.772025575556048,0.8294283392557981,0.8768480136164599,0.9758469828957379,1.50779312524861,2.26872637931678,2.43580447172789,2.7526289042253,3.97999427685858,6.2551680680402,9.82259731255913,16.9769354037991,21.9457945463745,23.817743216407198,26.198654888891202,27.9325796938524,29.8692270506374,35.506639289653,40.078679820147705,45.702433447515496,52.5568998717714,61.9453981938249,67.0494057042828,70.6581546764657,78.8389441791433,87.9351235559636,100.0,110.840027541887,124.38222018208201,134.92464233799998,145.802922500191,158.93887231275298,183.85308181827702,214.232119297381,,
173,Nigeria,NGA,Refugee population by country or territory of asylum,SM.POP.REFG,,,,,,,,,,,,,,,,,,,,,,,,,,,,,,,3571.0,3573.0,4782.0,4829.0,6026.0,8118.0,8486.0,9071.0,6780.0,6941.0,7270.0,7200.0,7355.0,9171.0,8395.0,9019.0,8768.0,8460.0,10124.0,9127.0,8747.0,8806.0,3154.0,1694.0,1239.0,1395.0,1367.0,1900.0,,
174,Nigeria,NGA,Refugee population by country or territory of origin,SM.POP.REFG.OR,,,,,,,,,,,,,,,,,,,,,,,,,,,,,,,16.0,23.0,76.0,100.0,592.0,1939.0,4754.0,3059.0,3999.0,4441.0,5742.0,6084.0,24572.0,24428.0,23892.0,22128.0,13253.0,13904.0,14169.0,15609.0,15642.0,17141.0,18021.0,31176.0,90947.0,167989.0,229311.0,238942.0,,
175,Nigeria,NGA,"Adolescent fertility rate (births per 1,000 women ages 15-19)",SP.ADO.TFRT,163.956,163.956,163.956,163.5722,163.1884,162.8046,162.4208,162.037,163.2712,164.5054,165.7396,166.9738,168.208,168.9736,169.7392,170.5048,171.2704,172.03599999999997,170.7762,169.5164,168.2566,166.9968,165.737,163.5624,161.3878,159.2132,157.0386,154.864,152.5778,150.2916,148.0054,145.7192,143.433,142.0736,140.7142,139.3548,137.9954,136.636,135.3652,134.0944,132.8236,131.5528,130.282,128.8608,127.4396,126.0184,124.5972,123.176,121.9508,120.7256,119.5004,118.2752,117.05,115.10600000000001,113.162,111.21799999999999,109.274,,,
176,Nigeria,NGA,"People using at least basic sanitation services, urban (% of urban population)",SH.STA.BASS.UR.ZS,,,,,,,,,,,,,,,,,,,,,,,,,,,,,,,,,,,,,,,,,39.240607649499296,39.2080996752597,39.175591701020004,39.1430837267803,39.110575752540704,39.078067778301,39.0455598040614,39.0130518298217,38.980543855582106,38.9480358813424,38.91552790710279,38.8830199328631,38.8505119586235,38.8180039843838,38.78549601014421,38.7529880359045,,,,
177,Nigeria,NGA,Population density (people per sq. km of land area),EN.POP.DNST,,50.5757820305895,51.6366810501005,52.7380633969059,53.8731611713166,55.0382796973989,56.235228433084096,57.469870549095795,58.7480681181857,60.0774454582386,61.4660122753275,62.9085389285989,64.4098982179914,65.99957508481829,67.7158437366185,69.582410487829,71.6165760839729,73.80107491463271,76.0823808425837,78.3856407215872,80.65782140386709,82.8777320289425,85.0630861798259,87.2473588282442,89.48223920418991,91.8050660430185,94.2263161939897,96.73312471864469,99.3118800575337,101.94050418876301,104.603783611669,107.300770776376,110.04047454351802,112.82951458655899,115.677704579641,118.593569177729,121.581633123621,124.644756634496,127.788300009882,131.01779044105498,134.33908560888,137.75534328096,141.272450783403,144.902152025209,148.658405524995,152.551662878663,156.586288525094,160.761799356588,165.07723135369,169.529278522569,174.114497622891,178.834476322233,183.687741142111,188.66377131438202,193.74869835413998,198.932490090802,204.211425497107,209.587833371762,,
178,Nigeria,NGA,Current health expenditure per capita (current US$),SH.XPD.CHEX.PC.CD,,,,,,,,,,,,,,,,,,,,,,,,,,,,,,,,,,,,,,,,,14.62143591,15.505132099999999,15.65516931,34.73341285,38.60641656,46.56397869,61.93491616,67.84039782,81.43559997,67.91492142,76.07782636,83.93624495,91.6303815,101.76868861,107.31129835,97.30686106,,,,
179,Nigeria,NGA,"Government expenditure on education, total (% of government expenditure)",SE.XPD.TOTL.GB.ZS,,,,,,,,,,,,,,,,,,,,,,,,,,,,,,,,,,,,,,,,,,,,,,,,,,,,,,,,,,,,
180,Nigeria,NGA,"Presence of peace keepers (number of troops, police, and military observers in mandate)",VC.PKP.TOTL.UN,,,,,,,,,,,,,,,,,,,,,,,,,,,,,,,,,,,,,,,,,,,,,,,,,,,,,,,,,,,,
181,Nigeria,NGA,"Net official flows from UN agencies, IAEA (current US$)",DT.NFL.IAEA.CD,,,,,,,,,,,,,,,,,,,,,,,,,,,,,,,,,,,,,,,,,,,,,,,1360000.0,790000.0,820000.0,760000.0,490000.0,250000.0,580000.0,750000.0,640000.0,400000.0,510000.0,470000.0,,
182,Nigeria,NGA,"Net official flows from UN agencies, IFAD (current US$)",DT.NFL.IFAD.CD,,,,,,,,,,,,,,,,,,,,,,,,,,,,,,650000.0,3140000.0,2540000.0,1200000.0,1470000.0,4130000.0,3380000.0,2600000.0,6160000.0,1710000.0,960000.0,1110000.0,-1200000.0,-1650000.0,3410000.0,270000.0,5010000.0,4410000.0,6660000.0,6490000.0,5530000.0,2800000.0,8350000.0,14030000.0,8880000.0,3440000.0,10980000.0,19600000.0,30840000.0,,
183,Nigeria,NGA,"Net official flows from UN agencies, ILO (current US$)",DT.NFL.ILOG.CD,,,,,,,,,,,,,,,,,,,,,,,,,,,,,,,,,,,,,,,,,,,,,,,,,,,,,390000.0,430000.0,520000.0,580000.0,520000.0,670000.0,,
184,Nigeria,NGA,"Net official flows from UN agencies, UNAIDS (current US$)",DT.NFL.UNAI.CD,,,,,,,,,,,,,,,,,,,,,,,,,,,,,,,,,,,,,,,,,,,,,,1130000.0,830000.0,1150000.0,1040000.0,830000.0,1830000.0,2130000.0,1780000.0,2590000.0,2220000.0,2640000.0,2390000.0,2220000.0,,
185,Nigeria,NGA,"Net official flows from UN agencies, UNDP (current US$)",DT.NFL.UNDP.CD,,,,,,,,,4320000.0,3410000.0,3850000.0,4520000.0,4500000.0,5350000.0,5930000.0,7040000.0,2530000.0,8290000.0,10870000.0,12790000.0,13200000.0,14240000.0,10720000.0,8720000.0,7320000.0,5680000.0,6400000.0,3850000.0,6220000.0,6710000.0,10480000.0,13230000.0,10010000.0,9190000.0,7140000.0,7620000.0,23970000.0,31520000.0,12930000.0,3620000.0,6090000.0,8640000.0,12740000.0,4840000.0,3500000.0,8010000.0,13870000.0,15660000.0,14540000.0,14830000.0,15350000.0,11680000.0,13840000.0,12490000.0,11290000.0,9860000.0,9690000.0,5240000.0,,
186,Nigeria,NGA,"Net official flows from UN agencies, UNFPA (current US$)",DT.NFL.UNFP.CD,,,,,,,,,,,,,,,,,,450000.0,,,930000.0,780000.0,770000.0,590000.0,1060000.0,1260000.0,750000.0,680000.0,2200000.0,1730000.0,2250000.0,3300000.0,1010000.0,870000.0,4170000.0,4910000.0,2720000.0,2890000.0,3540000.0,3430000.0,3680000.0,5630000.0,6400000.0,6600000.0,5600000.0,5150000.0,5540000.0,6000000.0,9270000.0,5520000.0,6740000.0,6220000.0,7230000.0,7970000.0,8050000.0,7400000.0,5970000.0,6100000.0,,
187,Nigeria,NGA,"Net official flows from UN agencies, UNICEF (current US$)",DT.NFL.UNCF.CD,,,,,,,,,,,4940000.0,4050000.0,2390000.0,1230000.0,1090000.0,1720000.0,1620000.0,1400000.0,810000.0,900000.0,2230000.0,3230000.0,4040000.0,4720000.0,5320000.0,6250000.0,7140000.0,7480000.0,9490000.0,14970000.0,25490000.0,13600000.0,15720000.0,20270000.0,14850000.0,13900000.0,14500000.0,12910000.0,14420000.0,11750000.0,18870000.0,22750000.0,18310000.0,21330000.0,24540000.0,23650000.0,31130000.0,33790000.0,43300000.0,48830000.0,54320000.0,52110000.0,53560000.0,56810000.0,56020000.0,48950000.0,57920000.0,55020000.0,,
188,Nigeria,NGA,"Net official flows from UN agencies, WHO (current US$)",DT.NFL.WHOL.CD,,,,,,,,,,,,,,,,,,,,,,,,,,,,,,,,,,,,,,,,,,,,,,,,,,,,3620000.0,3000000.0,7790000.0,2430000.0,5770000.0,2670000.0,4510000.0,,
189,Senegal,SEN,Crop production index (2004-2006 = 100),AG.PRD.CROP.XD,,74.27,74.94,80.68,77.83,84.63,76.09,84.62,65.94,72.27,49.99,79.52,45.86,58.47,83.44,106.02,93.13,45.98,88.87,56.97,48.18,85.19,84.29,50.87,54.26,75.8,83.0,93.33,77.02,89.84,78.18,82.05,73.87,82.57,81.37,93.46,81.65,74.82,71.07,114.12,110.5,103.3,60.55,95.33,94.96,113.95,91.1,80.6,136.77,149.0,165.19,103.97,126.22,119.12,126.54,176.58,155.54,,,
190,Senegal,SEN,Cereal yield (kg per hectare),AG.YLD.CREL.KG,,549.4,544.3,573.3,588.3,588.7,530.8,636.3,461.2,699.0,475.6,655.7,370.9,508.0,740.5,708.2,706.8,508.1,833.2,616.8,547.4,904.7,684.3,573.3,612.1,819.9,761.7,841.4,712.1,847.3,795.0,822.6,798.6,836.5,757.7,872.0,758.5,716.7,667.8,870.4,879.4,887.1,651.6,1090.7,974.5,1201.1,879.0,722.5,1174.2,1134.6,1196.5,966.9,1221.3,1124.1,1111.5,1376.1,1349.0,,,
191,Senegal,SEN,Agricultural land (% of land area),AG.LND.AGRI.ZS,,44.91248117176539,44.91248117176539,45.431880745857804,45.431880745857804,45.9512803199501,45.9512803199501,46.470679894042505,47.3536591699995,46.2421440814419,46.0395782475458,46.4654858983016,46.4654858983016,46.725185685347704,46.98488547239389,46.98488547239389,46.979691476653,45.93569833272739,45.930504336986395,45.9253103412455,45.920116345504596,45.9149223497637,45.909728354022704,45.90453435828179,45.899340362540904,45.8941463668,45.883758375318095,45.873370383836296,45.862982392354404,45.8474004051317,46.0655482262504,45.234508907702704,45.603282605308294,45.8006544434634,46.304472030332896,45.785072456240606,46.2629200644055,44.8137952526879,43.5776242663481,47.3276891912949,46.8861995533164,45.7019685243858,45.4474627330806,44.834571235651595,45.1202410014024,45.582506622344596,44.0866358489586,44.1645457850725,48.1743104970654,49.2806315898821,49.1248117176544,46.564171817379105,46.564171817379105,46.0603542305095,46.0603542305095,46.0603542305095,46.0603542305095,,,
192,Senegal,SEN,Prevalence of undernourishment (% of population),SN.ITK.DEFC.ZS,,,,,,,,,,,,,,,,,,,,,,,,,,,,,,,,,,,,,,,,,28.7,27.6,26.7,25.2,23.4,21.6,19.2,16.9,14.7,13.6,13.1,13.0,12.7,12.4,12.2,11.7,11.3,,,
193,Senegal,SEN,Consumer price index (2010 = 100),FP.CPI.TOTL,,,,,,,,10.9536182513483,10.9600078619401,11.4008909965661,11.7212843304181,12.175859487821699,12.925269536499801,14.3839263669892,16.7718151458106,22.0806687915851,22.319822790127603,24.851021407691803,25.7008396236557,28.181834157659196,30.6418342565804,32.453745275630304,38.0930330720327,42.5182948455501,47.528662394021104,53.7074158893481,57.0291006241151,54.6676830894377,53.66907822552321,53.9091450255319,54.0844029175534,53.136002137290895,53.0775828399504,52.7663175213079,69.8064963143222,75.2960846612895,77.3699697168782,78.7263927770035,79.6370844975349,80.2958827634513,80.88363415755279,83.2895185343412,85.2362460123422,85.19192570081509,85.6304782132255,87.0959010663482,88.93561545072279,94.14128764050359,101.058038553206,98.7862321407255,100.0,103.40322829786999,104.86972257049601,105.614555041963,104.46308699624001,104.604333556103,105.48016989023,106.870560070658,,
194,Senegal,SEN,Refugee population by country or territory of asylum,SM.POP.REFG,,,,,,,,,,,,,,,,,,,,,,,,,,,,,,,58113.0,71908.0,71620.0,73002.0,72994.0,66769.0,65044.0,57229.0,60823.0,21539.0,20766.0,20707.0,20711.0,20726.0,20804.0,20712.0,20591.0,20421.0,33193.0,22151.0,20672.0,20644.0,14237.0,14247.0,14274.0,14392.0,14584.0,14646.0,,
195,Senegal,SEN,Refugee population by country or territory of origin,SM.POP.REFG.OR,,,,,,,,,,,,,,,,,,,,,,,,,,,,,,,60006.0,25138.0,15466.0,22601.0,25622.0,17592.0,17631.0,17163.0,9716.0,11606.0,11088.0,8559.0,12069.0,8351.0,8332.0,8671.0,15163.0,15896.0,16006.0,16305.0,16267.0,17722.0,18724.0,19822.0,23118.0,21280.0,23061.0,26559.0,,
196,Senegal,SEN,"Adolescent fertility rate (births per 1,000 women ages 15-19)",SP.ADO.TFRT,194.95,195.114,195.278,194.6532,194.0284,193.4036,192.7788,192.15400000000002,190.8948,189.6356,188.3764,187.1172,185.858,184.1738,182.4896,180.8054,179.1212,177.437,175.4408,173.4446,171.4484,169.4522,167.456,162.8696,158.2832,153.6968,149.1104,144.524,140.5432,136.5624,132.5816,128.6008,124.62,121.7398,118.8596,115.9794,113.0992,110.219,108.33,106.441,104.552,102.663,100.774,99.324,97.874,96.42399999999999,94.97399999999999,93.524,91.5394,89.5548,87.5702,85.5856,83.601,81.4176,79.2342,77.0508,74.8674,,,
197,Senegal,SEN,"People using at least basic sanitation services, urban (% of urban population)",SH.STA.BASS.UR.ZS,,,,,,,,,,,,,,,,,,,,,,,,,,,,,,,,,,,,,,,,,59.221161837058794,59.662807313485004,60.10445278991121,60.546098266337395,60.987743742763605,61.429389219189794,61.871034695616,62.31268017204221,62.7543256484684,63.195971124894506,63.6376166013208,64.07926207774689,64.5209075541732,64.9625530305993,65.4041985070256,65.8458439834517,,,,
198,Senegal,SEN,Population density (people per sq. km of land area),EN.POP.DNST,,17.115737807095,17.5913519970914,18.0841687009817,18.5961252791773,19.1288422583493,19.6811457954604,20.2526203708513,20.8463044720303,21.4659741339012,22.1134628369605,22.7936321612216,23.503422843193302,24.2271022697761,24.943375058432498,25.6386485223082,26.305895185165895,26.954443463356398,27.607463771879697,28.297460136082698,29.048179504492804,29.8672310808705,30.748761232015802,31.685945047525102,32.6667376512751,33.6817015530047,34.7278813691373,35.8068664623695,36.9187970705864,38.064717186931894,39.2438425180491,40.4594245052719,41.7063574507869,42.965615748195106,44.212190308003905,45.4298343115359,46.611317716719505,47.766727263283606,48.919093128343604,50.1010595751311,51.33772399106629,52.638534254401904,54.0012517529736,55.425076611437206,56.9051264737963,58.439027683997296,60.02577780086221,61.67120448761229,63.3873006804134,65.1894094426843,67.0868384147925,69.08486989040671,71.1759881576897,73.3408819404768,75.5524385810004,77.7904430478367,80.0478574767569,82.3277774892225,,
199,Senegal,SEN,Current health expenditure per capita (current US$),SH.XPD.CHEX.PC.CD,,,,,,,,,,,,,,,,,,,,,,,,,,,,,,,,,,,,,,,,,21.93803455,23.96166904,25.99245254,34.67810094,41.0652799,35.652117700000005,37.56557057,39.03761129,47.0301365,42.46641606,40.13842343,42.68439656,39.6913484,40.74475539,41.97709433,36.07884461,,,,
200,Senegal,SEN,"Government expenditure on education, total (% of government expenditure)",SE.XPD.TOTL.GB.ZS,,,,,,,,,,,,,,,,,,,,,,,,,,,,,,,,,,,,,,,18.73254,16.82036,17.618489999999998,15.72974,16.72192,16.11751,16.96225,21.770970000000002,17.954639999999998,,19.22614,23.30045,24.04635,21.08697,20.79525,25.74235,24.76247,23.75856,21.337220000000002,21.576079999999997,,
201,Senegal,SEN,"Presence of peace keepers (number of troops, police, and military observers in mandate)",VC.PKP.TOTL.UN,,,,,,,,,,,,,,,,,,,,,,,,,,,,,,,,,,,,,,,,,,,,,,,,,,,,,,,,,,,,
202,Senegal,SEN,"Net official flows from UN agencies, IAEA (current US$)",DT.NFL.IAEA.CD,,,,,,,,,,,,,,,,,,,,,,,,,,,,,,,,,,,,,,,,,,,,,,,470000.0,660000.0,330000.0,440000.0,790000.0,420000.0,420000.0,360000.0,690000.0,570000.0,260000.0,330000.0,,
203,Senegal,SEN,"Net official flows from UN agencies, IFAD (current US$)",DT.NFL.IFAD.CD,,,,,,,,,,,,,,,,,,,,,,180000.0,-10000.0,-10000.0,,460000.0,1190000.0,2080000.0,1780000.0,700000.0,1440000.0,-190000.0,-270000.0,,120000.0,3000000.0,6000000.0,1000000.0,960000.0,1180000.0,3320000.0,2330000.0,2630000.0,5910000.0,11350000.0,12670000.0,7930000.0,5560000.0,4880000.0,2510000.0,3290000.0,2060000.0,2130000.0,3820000.0,6040000.0,4230000.0,8520000.0,9180000.0,,
204,Senegal,SEN,"Net official flows from UN agencies, ILO (current US$)",DT.NFL.ILOG.CD,,,,,,,,,,,,,,,,,,,,,,,,,,,,,,,,,,,,,,,,,,,,,,,,,,,,,520000.0,690000.0,500000.0,540000.0,710000.0,1090000.0,,
205,Senegal,SEN,"Net official flows from UN agencies, UNAIDS (current US$)",DT.NFL.UNAI.CD,,,,,,,,,,,,,,,,,,,,,,,,,,,,,,,,,,,,,,,,,,,,,,150000.0,1100000.0,2800000.0,40000.0,200000.0,220000.0,300000.0,130000.0,230000.0,120000.0,140000.0,110000.0,110000.0,,
206,Senegal,SEN,"Net official flows from UN agencies, UNDP (current US$)",DT.NFL.UNDP.CD,,,,,,,,,1580000.0,2150000.0,2080000.0,2110000.0,2300000.0,2700000.0,2950000.0,1960000.0,1710000.0,1940000.0,1940000.0,2520000.0,3030000.0,4410000.0,6200000.0,5730000.0,7960000.0,5430000.0,8770000.0,8880000.0,10020000.0,8300000.0,7010000.0,8410000.0,7160000.0,4710000.0,2970000.0,2910000.0,1920000.0,2830000.0,1930000.0,2280000.0,3370000.0,2250000.0,3440000.0,2800000.0,4360000.0,3870000.0,4320000.0,5690000.0,2870000.0,5320000.0,4580000.0,3800000.0,2430000.0,1950000.0,3570000.0,4020000.0,2820000.0,6460000.0,,
207,Senegal,SEN,"Net official flows from UN agencies, UNFPA (current US$)",DT.NFL.UNFP.CD,,,,,,,,,,,,,,,,,,350000.0,,,880000.0,600000.0,600000.0,860000.0,780000.0,860000.0,530000.0,630000.0,510000.0,260000.0,1690000.0,1410000.0,1170000.0,1230000.0,1620000.0,2810000.0,3480000.0,3060000.0,970000.0,1780000.0,1040000.0,2190000.0,2180000.0,1670000.0,2860000.0,2740000.0,3100000.0,1640000.0,2070000.0,1410000.0,2080000.0,2630000.0,2930000.0,2310000.0,2800000.0,2110000.0,2050000.0,1820000.0,,
208,Senegal,SEN,"Net official flows from UN agencies, UNICEF (current US$)",DT.NFL.UNCF.CD,,,,,,,,,,,120000.0,110000.0,130000.0,140000.0,540000.0,290000.0,140000.0,240000.0,640000.0,840000.0,1000000.0,670000.0,510000.0,960000.0,1550000.0,1840000.0,2050000.0,2980000.0,2650000.0,3780000.0,5070000.0,3010000.0,4530000.0,3580000.0,7700000.0,5760000.0,5010000.0,2280000.0,2290000.0,1480000.0,2250000.0,2540000.0,1880000.0,2260000.0,2490000.0,3620000.0,3990000.0,4780000.0,5360000.0,6290000.0,6110000.0,6970000.0,-5490000.0,6000000.0,5810000.0,5540000.0,6730000.0,5030000.0,,
209,Senegal,SEN,"Net official flows from UN agencies, WHO (current US$)",DT.NFL.WHOL.CD,,,,,,,,,,,,,,,,,,,,,,,,,,,,,,,,,,,,,,,,,,,,,,,,,,,,1390000.0,1170000.0,1270000.0,1470000.0,1410000.0,1270000.0,1310000.0,,
