,Country,Year,AbsRestForInvWEF,CustProcWEF,CompEnvWB,SoundBanksWEF,EducSysMgmtWEF,SecEducEnroUNESCO,GenBalEducUNESCO,TertEducEnroUNESCO,PrimScholCompWB,WomLabForPartWB,WomPolEmpowerVDEM,ElecSuppWEF,QualAirTransWEF,ExecAccTransWB,RoadNetWEF,AbsDivPubFundWEF,BudgMgmtWB,AbsFavGovDecWEF,ConsGovPowerVDEM,AbsJudCorrVDEM,FreeFairElecVDEM,AbsLegCorrVDEM,FreeFairExecElecCDD,AccJusticeVDEM,JudAutWEF,AgPolCostWEF,PolRefUNHCR,FooDepAFR,MedImpVDEM,ViolCrimeEIU,HumTraffUSDS,PolServWEF,WatDepAFR,IntDisPeoIDMC,ProtPropRigWEF,WelfServWB,LivStanPoorAFR,RiotsProtestsACLED
0,Burkina Faso,2009,4.592755048,3.784478625,3.5,5.234790134,2.500157222,20.29426,0.86789,3.53374,43.91450882,60.0929985,0.824715701,3.036243702,3.04400259,3.5,2.767692804,3.156923993,4.5,3.332484936,0.386670158,1.716056743,0.435508331,2.572535643,4.333333333,0.69165048,3.109749056,3.886211716,6.538494993,.,0.810765577,100,50,4.180270466,.,0,4.296606063,3.5,.,1
1,Burkina Faso,2010,4.7687062,4.38423725,3.5,4.83772695,2.5112876,21.90269,0.89004,3.57942,47.05522156,59.7179985,0.821574592,2.18877905,2.9736034,3.5,2.58503035,2.5242441,4.5,3.01915005,0.440264847,1.716056743,0.439594252,2.26479484,4,0.731381661,2.4594285,3.7918714,7.337289831,.,0.752532425,100,50,3.8007248,.,0,4.1835915,3.5,.,4
2,Burkina Faso,2011,4.924673114,4.045900166,3.5,4.806889156,2.705869661,23.83593,0.90766,4.14652,.,59.3409996,0.821973394,1.898991097,3.087272771,3.5,2.501809975,2.393724223,4.5,2.805148527,0.436143081,1.716056743,0.471882992,2.26479484,4,0.69192261,2.550858908,3.513910604,7.903293043,.,0.752532425,62.5,50,3.641731648,.,0,4.292477433,3.5,.,120
3,Burkina Faso,2012,4.849014304,3.825158667,3.5,4.587590869,2.781893153,25.93311,0.92882,4.55888,57.36603165,58.97100067,0.824044487,2.271807511,3.311997709,3.5,2.606903872,2.533518519,4.5,2.783412689,0.439970882,1.716056743,0.478756891,2.26479484,4,0.69192261,2.462678047,3.599733467,8.810457844,54.33333333,0.752532425,50,50,3.772844244,44.58333333,0,4.297297,3.5,26.5,60
4,Burkina Faso,2013,4.629218957,3.643883472,3.5,4.066909324,2.723723843,28.36603,0.95324,4.77676,62.34418869,58.60699844,0.793785819,1.980540892,3.080825289,3.5,2.567765672,2.118356286,4.5,2.774511288,0.561412264,2.018675914,0.555744565,2.602568184,4,0.765871462,2.096449434,3.632618218,9.277957594,.,0.889096802,50,50,4.064027867,.,0,3.670785914,3.5,.,32
5,Burkina Faso,2014,4.623111796,3.614984593,3.5,4.084178009,2.868712187,30.35415,0.96382,5.07698,60.84962845,58.24900055,0.719856181,1.694834645,3.025655935,3.5,2.456536639,2.10555041,4,2.844621479,0.619623788,2.018675914,0.555744565,2.827654727,4,0.789745395,2.112388114,3.668283161,10.5595498,.,0.889096802,43.75,50,4.046330194,.,0,3.498355853,3.5,.,101
6,Burkina Faso,2015,.,.,3.5,.,.,33.71879,0.97654,5.06384,62.02993011,58.30599976,0.81186865,.,.,3.5,.,.,4,.,0.624740849,2.018675914,0.571806116,2.827654727,6.666666667,0.793876605,.,.,11.86044169,62.75,0.917410758,25,75,.,48.58333333,0,.,3.5,24.58333333,100
7,Burkina Faso,2016,.,.,3.5,.,.,35.78715,0.98864,5.56196,61.72433853,58.36700058,0.777602102,.,.,3.5,.,.,4,.,0.626591485,1.796384023,0.733395054,2.866865258,6.67,0.735343132,.,.,12.64048733,.,0.919344448,25,50,.,.,3.75406921,.,4,.,69
8,Burkina Faso,2017,.,.,3.5,.,.,.,.,.,.,58.14799881,0.798167516,.,.,3.5,.,.,3.5,.,0.507845295,1.813318198,0.733395054,2.911770718,6.67,0.788458639,.,.,13.95793613,69.08333333,0.90570636,25,75,.,56.25,25.52963308,.,4,37.16666667,93
9,Cameroon,2009,4.193097173,3.216941848,3,5.013505905,3.313803884,41.56656,0.86219,9.25611,71.53803253,70.50800323,0.73319456,2.801615664,2.929285441,2.5,2.567267566,2.020665614,3,2.809823007,0.444000329,0.962568004,0.103180552,0.965919028,3,0.610292287,2.414037452,4.060614955,75.98594543,.,0.713335687,25,75,3.767360289,.,0,3.49103388,3.5,.,3
10,Cameroon,2010,4.075423375,3.830659143,3,4.892391321,3.494653375,.,.,11.42091,73.58618927,70.58100128,0.743807659,2.750659304,3.271857768,2.5,2.750830464,2.282475661,3,2.830524375,0.451017962,0.955018929,0.103180552,0.965919028,3,0.676685583,2.648426036,3.985833464,74.92553389,.,0.730439559,25,75,3.513222054,.,0,3.688500107,3.5,.,3
11,Cameroon,2011,4.228742538,4.007917302,3,4.6023441,3.511901869,49.65834,0.86888,12.36656,72.63963318,70.68199921,0.724951101,2.644654348,3.265911558,2.5,2.757260373,2.346403824,3,2.818728786,0.456816561,0.955018929,0.109392654,0.965919028,3,0.67393891,2.71895981,4.197505845,73.89215254,.,0.727527795,25,75,3.70038593,.,0,3.628184411,3,.,1
12,Cameroon,2012,4.806057955,4.177735469,3,4.639236017,3.723034883,53.0175,0.87696,13.41895,76.29271698,70.79000092,0.739546549,2.84513139,3.651192934,2.5,2.874307497,2.187698738,3,2.591571131,0.454570184,0.955018929,0.130173614,0.965919028,3,0.701006059,2.460952379,4.175361966,63.47479789,.,0.744757321,25,50,3.855797803,.,0,3.797625045,3,.,8
13,Cameroon,2013,4.93683234,3.958055551,3,4.787583417,3.89526853,54.89032,.,15.67986,.,70.90299988,0.783677804,2.553636236,3.548422329,2.5,2.834940903,2.019036815,3,2.446188123,0.352939784,0.813248247,0.145656083,0.840159683,3,0.566700278,2.280744355,3.670552308,52.76667152,53.75,0.753412035,25,50,4.257880515,32.77731443,0,3.849715589,3,21,10
14,Cameroon,2014,4.457478974,3.630051665,3,4.450461781,3.810850827,59.11692,0.8859,16.70049,74.79705048,71.00700378,0.783664898,2.434351507,3.292814459,2.5,2.898826954,2.436806715,3,2.780762917,0.357054022,0.813248247,0.190938145,0.840159683,3,0.566700278,2.82924051,3.336506153,48.40848234,.,0.753412035,25,50,4.288913619,.,179.8568915,3.636015291,3,.,10
15,Cameroon,2015,4.32044761,3.407238092,3,4.295464747,3.628582553,60.69433,0.89314,17.40631,76.22255707,71.09400177,0.788029289,2.445702586,3.039746022,2.5,2.847120888,2.521162999,3,2.914882357,0.356152354,0.813248247,0.190938145,0.840159683,3,0.562049832,3.058204007,3.539635348,46.35963039,60.74450085,0.753412035,25,50,4.288913619,48.6463621,543.0374238,3.930214739,3,24.61928934,19
16,Cameroon,2016,4.406794724,3.391128742,3,4.390118066,3.585437113,61.76465,0.89486,.,75.4213028,71.16100311,0.792194659,2.13460158,2.661396337,2.5,2.497848417,2.307448127,3.5,2.682228664,0.439041372,0.558551683,0.190938145,0.930804815,3,0.568903938,3.018057767,3.667368246,44.2592105,.,0.71035521,25,75,4.33684206,.,755.1455812,4.078805053,3.5,.,39
17,Cameroon,2017,4.324736118,3.430330992,3,4.345286846,3.465791464,.,.,.,.,71.23300171,0.738112681,2.216767073,2.799966812,2.5,2.560917616,2.369113684,3.5,2.656397343,0.466520337,0.570666304,0.190938145,1.45214907,3,0.503872542,3.058758259,3.687900066,45.65612639,.,0.655056255,25,75,4.238801003,.,993.6090154,4.061708927,3.5,.,64
18,Chad,2009,3.322306894,2.320755484,2.5,3.965200008,2.891338475,23.04013,0.66379,2.01292,31.16352081,64.78700256,0.453405611,1.412082586,2.537943127,2,2.026779617,1.857800079,2,2.359208143,0.131615985,0.967308628,0.065550273,0.531929457,1.333333333,0.229336105,2.144681625,3.400561875,478.2667434,.,0.709289009,25,100,2.445742944,.,1460.515739,2.508077848,2.5,.,1
19,Chad,2010,3.281631612,2.696615418,2,3.647808629,3.210780388,22.63692,0.68495,2.10021,30.95984077,64.84799957,0.443335566,1.450536967,2.753458997,2,2.416529726,2.03590137,2,2.687788678,0.129626358,0.966731372,0.065550273,0.724256708,1.333333333,0.224155605,2.676784608,3.608742436,452.0239498,.,0.689159228,25,75,2.557958516,.,1438.521866,2.399552743,2.5,.,.
20,Chad,2011,3.212329305,2.843340458,2,3.790589897,3.10500628,23.11827,0.70758,2.21917,34.08097076,64.80699921,0.507193035,1.499412692,3.155575538,2,2.997285936,2.146914099,2,2.456544529,0.129925987,0.9598431,0.11329369,0.724256708,2.333333333,0.241368963,2.603304272,3.764872435,346.9868255,.,0.703539086,25,75,2.646248462,.,1025.336304,2.567005235,2.5,.,3
21,Chad,2012,3.462153571,2.766544608,2.5,3.769116276,3.034582829,22.38002,0.7205,.,34.59373093,64.83399963,0.525318349,1.527198177,2.917814328,2,3.077324484,2.170096628,2,2.425646062,0.109153727,1.024975646,0.121812237,0.724256708,2.333333333,0.241368963,2.173725863,3.671725182,312.4248581,.,0.59339291,25,75,2.437213136,.,708.3749996,2.579818744,2.5,.,1
22,Chad,2013,3.424695371,2.178482081,2.5,3.39196712,2.681453546,24.75566,0.72373,.,37.92018127,64.83799744,0.620586411,1.558209313,2.122543164,2,2.470923846,1.752871384,2.5,2.196609742,0.171163767,0.859862009,0.121812237,0.575357256,2.333333333,0.295179594,2.024432667,3.386008539,370.3481204,.,0.714368237,25,75,2.306475157,.,685.2658477,2.425522961,2.5,.,1
23,Chad,2014,3.132022698,2.053976172,2.5,3.237032627,2.528029413,23.1316,.,3.44048,.,64.85199738,0.638455771,1.6725145,2.286859229,2.5,2.641395752,1.8454405,3,2.127925,0.171705301,0.87076069,0.121812237,0.575357256,2.333333333,0.299104463,2.184391194,3.384793821,355.6374258,.,0.705716651,25,50,2.64907625,.,523.2346395,2.509911373,2.5,.,10
24,Chad,2015,3.196063673,2.379714619,2.5,3.417940996,2.671118702,22.5222,.,.,.,64.82800293,0.623217195,1.728443695,2.709946215,2.5,2.961242309,1.822324316,3,2.214223176,0.171575768,0.87076069,0.121812237,0.575357256,2.333333333,0.298163002,2.364675072,3.401158009,106.6425838,.,0.731643921,25,50,2.64907625,.,763.7721866,2.933914275,2.5,.,6
25,Chad,2016,3.244815331,2.367743432,2.5,3.185716854,2.543661892,22.68313,.,.,.,64.73699951,0.627774188,1.8547471,2.948966931,2.5,2.617800077,1.593026142,3,2.311380194,0.171211759,0.87076069,0.086498188,0.575357256,2.67,0.298163002,2.202548811,3.01372426,98.20417071,.,0.734169872,25,50,2.872549057,.,747.2733345,3.006838469,2.5,.,30
26,Chad,2017,3.119146585,2.431533575,2.5,2.829698563,2.486173153,.,.,.,.,64.77300262,0.546488977,2.248557091,3.053604364,2.5,2.612500191,1.841724396,3,2.389909744,0.131999279,0.822238471,0.07322223,0.4759494,2.67,0.30715164,2.069797993,2.817336798,109.3624601,.,0.663517097,50,75,2.739589214,.,1060.403112,2.900053978,2.5,.,5
27,Gambia,2009,5.837293735,5.101590491,3.5,5.616124396,4.60501073,58.51503,1.03282,.,.,49.93700027,0.595298572,4.64515337,4.802716839,2,4.0281153,4.432866396,3,4.428467935,0.23211774,1.825096816,0.192537739,2.344066554,3.333333333,0.588526952,4.863266887,5.027427604,120.3371636,.,0.295107412,56.25,50,5.224245904,.,0,5.13243117,3.5,.,.
28,Gambia,2010,5.322327069,5.381100221,3.5,5.145608055,4.499366917,57.09558,1.0255,2.16889,72.88598633,50.25899887,0.595298572,4.837199055,4.798945131,2,4.318718069,4.467933428,3.5,4.603391855,0.230463827,1.825096816,0.192537739,1.986502137,3.333333333,0.588526952,4.564216166,5.173925152,132.4942425,.,0.295107412,50,50,5.050241338,.,0,5.1034454,3.5,.,.
29,Gambia,2011,4.899974567,5.180560455,3.5,5.084447001,4.527521617,.,1.03978,3.40768,68.33139038,50.57099915,0.595298572,4.398109236,4.782524179,2.5,4.454303891,4.566431857,3.5,4.557563627,0.229093282,1.825096816,0.197836929,1.986502137,2.333333333,0.588526952,4.45005641,5.033233697,147.9073938,.,0.295107412,50,75,4.865984988,.,0,5.092340746,4,.,1
30,Gambia,2012,5.155997361,4.929305669,3.5,5.376850669,4.641929833,.,1.04151,3.09372,69.19348907,50.86500168,0.620549703,4.118542296,4.875697869,2,4.499893308,4.530214179,3.5,4.343383735,0.232484894,1.825096816,0.233228877,1.986502137,2.333333333,0.588526952,4.322000737,4.781321104,170.687383,.,0.295107412,37.5,75,4.948649008,.,0,4.864039771,4,.,1
31,Gambia,2013,4.952167612,4.663192786,3.5,5.127203269,4.476118029,.,1.03478,.,69.19560242,50.92300034,0.64055856,3.827515996,4.673193255,2,4.243876057,4.285624224,3.5,3.919336984,0.186860114,2.276139929,0.229997256,1.986502137,2.333333333,0.614222749,3.968752497,4.695449149,182.7008095,.,0.359791874,25,75,4.639730507,.,0,4.361867409,4,.,1
32,Gambia,2014,4.657418356,4.587066225,3.5,4.915363492,4.276581049,.,1.04881,.,69.08811951,50.95399857,0.641185672,3.266972916,4.451982487,2,4.099469625,4.173183079,3.5,3.869760602,0.185086122,2.276139929,0.229997256,1.986502137,2.333333333,0.617053637,3.839665245,4.834305569,267.7996008,.,0.359791874,25,100,4.621584154,.,0,4.214279775,4,.,4
33,Gambia,2015,4.957849538,4.470407832,3.5,4.774337543,4.306673402,.,1.05892,.,68.87774658,51.04000092,0.649381042,2.985368489,4.340696716,2,4.130059421,4.236205222,3,4.013871691,0.185637047,2.276139929,0.229997256,1.986502137,2.333333333,0.621446976,3.740106232,4.908846899,429.4115565,.,0.359791874,31.25,100,4.621584154,.,0,4.146763754,4,.,16
34,Gambia,2016,4.773765832,4.402888163,3.5,4.661201205,4.33451156,.,1.07193,.,70.22550964,51.08100128,0.64936165,3.46571177,4.134376302,2,3.91951232,4.130516201,3,3.922315252,0.228702227,2.276139929,0.234873827,1.986502137,6,0.61613135,3.507754674,4.971001295,569.0455879,.,0.359734163,50,100,4.929411888,.,0,4.217895578,4,.,6
35,Gambia,2017,5.063447475,4.685769558,3.5,5.039379597,4.380788803,.,1.08845,.,.,51.22499847,0.647345798,3.481962681,4.491940498,2,4.058129787,4.050227165,3,3.740522861,0.672765337,2.852618959,0.344581272,2.765480869,6,0.796955482,3.760632753,4.708206177,692.1461243,.,0.725949736,50,75,5.592319012,.,0,4.505004406,4,.,28
36,Guinea,2009,.,.,3,.,.,.,.,9.13156,58.23585892,62.81700134,0.39032333,.,.,2,.,.,3,.,0.119575698,0.917356238,0.096892268,.,0,0.281391024,.,.,103.4431409,.,0.801679441,43.75,75,.,.,0,.,3,.,12
37,Guinea,2010,.,.,2.5,.,.,.,.,10.4405,58.60012054,62.84199905,0.457605027,.,.,2,.,.,3,.,0.173042365,0.939546603,0.211218202,.,4.333333333,0.335004296,.,.,111.032159,.,0.797663836,25,75,.,.,0,.,3,.,7
38,Guinea,2011,.,.,2.5,.,.,38.52178,0.80105,10.64376,.,62.86800003,0.457605027,.,.,2,.,.,3,.,0.186009994,0.939546603,0.321556062,.,4.333333333,0.335004296,.,.,119.2641346,.,0.797663836,25,75,.,.,0,.,3.5,.,3
39,Guinea,2012,3.742914,3.312196,2.5,3.993227,2.666981,38.71142,.,10.17368,61.90382004,62.90499878,0.457605027,1.45837,3.647861,2,2.018362,2.817072,3,3.268449,0.182904236,0.939546603,0.321556062,.,4.333333333,0.335004296,2.620114,3.879236,124.6380236,.,0.797663836,25,50,3.028528,.,0,3.208513,3.5,.,20
40,Guinea,2013,3.696647183,3.377978459,2.5,3.86873791,2.558721379,.,0.79442,10.72575,62.46825027,62.93600082,0.449903174,1.324953566,3.018543824,2.5,1.909907483,2.499283428,3,2.668757724,0.207514159,1.214353282,0.325008161,.,4.333333333,0.25502255,2.238818928,4.031575266,126.215532,45.16666667,0.698831693,18.75,75,3.218083845,44.25,0,2.990122752,3.5,23.16666667,71
41,Guinea,2014,3.414356775,3.315892045,3,3.571235053,2.425785148,40.30219,0.80496,11.25905,63.82447052,62.95299911,0.454786059,1.294335096,2.494040704,2.5,1.942714964,2.009654966,3,2.003048476,0.276397728,1.214353282,0.334819391,1.335097948,4.333333333,0.252552582,2.031242142,3.33349943,129.1939212,.,0.698831693,0,75,3.036647229,.,0,2.624779191,3.5,.,28
42,Guinea,2015,3.414356775,3.315892045,3,3.571235053,2.425785148,.,.,.,.,62.96500015,0.596604391,1.294335096,2.494040704,2.5,1.942714964,2.009654966,3,2.003048476,0.275871951,1.214353282,0.329574656,1.335097948,3,0.250260015,2.031242142,3.33349943,140.6356001,52.83333333,0.693982502,0,75,3.036647229,42.58333333,0,2.624779191,3.5,27.25,44
43,Guinea,2016,.,.,3,.,.,.,.,.,.,62.9980011,0.623926841,.,.,2.5,.,.,3,.,0.273269006,1.214353282,0.311473927,1.344301043,3,0.250201268,.,.,141.562662,.,0.708247289,25,75,.,.,0,.,3.5,.,40
44,Guinea,2017,4.484375,5.28125,3,5.421875,2.615384579,.,.,.,.,63.01599884,0.6384022,2.415384531,3.400000095,2.5,2.246153831,2.369230747,3,3.599999905,0.313692366,1.141039456,0.311473927,1.180737919,3,0.335209514,2.5,3.1692307,159.728858,41.54103853,0.715299689,25,100,2.181818247,30.48576214,0,4.530303001,4,15.99664992,66
45,Mali,2009,4.415235071,3.670186244,3.5,4.714914636,2.594998861,36.58776,0.81332,5.93377,54.36558151,47.48199844,0.742437672,3.291415934,3.362851121,3.5,2.808618652,2.563400639,3.5,2.62510283,0.723543381,1.73125921,0.512759636,0.996916825,4.666666667,0.709523359,3.558797153,3.743158075,20.03204442,.,0.865854175,75,75,4.03204286,.,0,3.852236614,3.5,.,1
46,Mali,2010,3.889954919,4.06579602,3.5,3.908979364,2.651710625,39.19675,0.82909,6.11973,57.46760178,49.88499832,0.72851099,3.339499377,3.212863299,3.5,2.935028385,2.618055344,3.5,2.502317153,0.725740117,1.73125921,0.512759636,0.996916825,4.666666667,0.709523359,2.847733072,3.745901955,24.29837046,.,0.865854175,75,75,3.318789293,.,0,3.531821754,3.5,.,3
47,Mali,2011,4.135985226,4.074572975,3.5,4.059628864,2.88949026,41.14224,0.83965,5.47497,58.17670822,52.60800171,0.744222573,3.387567689,3.651298796,3.5,3.25970525,2.64974322,3.5,2.744781991,0.725133408,1.73125921,0.512759636,0.996916825,4.666666667,0.709523359,2.732594776,3.940362254,27.63659378,.,0.865854175,75,75,3.390195721,.,0,3.463453271,3.5,.,3
48,Mali,2012,4.219069425,4.099697813,3.5,4.425208674,2.94676786,.,0.85019,7.04585,54.46881104,55.28300095,0.681614701,3.45320169,4.169315274,3,3.586849588,2.538608853,3.5,2.753948736,0.604441745,1.73125921,0.512759636,.,0,0.742761908,2.792708814,3.944994468,936.753241,.,0.85448568,75,50,3.567838173,.,1436.900992,3.602816587,3,.,59
49,Mali,2013,3.926539344,3.808485277,3.5,4.109736538,2.881455881,41.73784,.,6.41253,54.17443085,57.86999893,0.695225115,3.434880241,4.14798641,3,3.48760392,2.286765554,3.5,2.464384007,0.474942456,1.462470133,0.479961066,.,6.333333333,0.696303997,2.629396977,3.91828679,927.4771696,56,0.88518337,75,75,3.467955979,67,1322.990702,3.265021262,3,23.75,37
50,Mali,2014,3.879704147,3.232277108,3.5,3.895877645,3.003276192,43.94084,0.86706,5.95566,53.13399124,60.33000183,0.685217809,3.510617264,3.810845808,3,3.35085869,2.512756691,3.5,2.742956023,0.552763495,1.462470133,0.436508183,.,6.333333333,0.687646559,3.069669006,3.909598125,821.0119929,71.91666667,0.88518337,75,75,3.822566658,75.16666667,365.5047036,3.401171256,3,28.25,22
51,Mali,2015,3.659538179,3.179859684,3.5,4.122325944,3.060455629,41.65282,0.88634,5.4899,50.86188126,60.37400055,0.735840381,3.178344886,3.319091787,3,3.157011648,3.167697104,3.5,3.268119684,0.801536614,1.462470133,0.436508183,1.401538797,6.333333333,0.696457897,3.76298688,3.698546416,882.8362646,.,0.88518337,37.5,75,3.822566658,.,286.2392485,3.748549763,3,.,14
52,Mali,2016,3.628057752,3.342881651,3.5,3.770792058,3.234772507,42.92922,0.85502,.,50.9853096,60.43099976,0.753645375,2.834268535,3.509860992,3,3.230129474,3.404449606,3.5,3.309881267,0.801530713,1.462470133,0.436508183,1.401538797,2.67,0.694273737,3.678918878,3.656151489,869.2937869,.,0.88518337,25,75,3.578947306,.,205.6145327,3.74373965,3,.,15
53,Mali,2017,3.783822298,3.372926235,3.5,3.466135263,3.281457663,.,.,.,.,60.75799942,0.753278317,2.932907581,3.932640076,3,3.603172779,3.176509857,3.5,3.095016003,0.753467498,1.981492336,0.436508183,1.401538797,2.67,0.665740448,3.340900898,3.715408325,810.512146,74.25,0.88518337,25,100,3.305194616,64.5,204.940357,3.622402906,3,24.41666667,32
54,Mauritania,2009,4.911065345,4.023225803,3.5,4.543112351,2.544297268,20.04408,1.01966,3.86232,66.93708801,30.30800056,0.738449779,3.481633181,2.952800426,2.5,2.54332301,2.782188778,3,2.919217143,0.313950626,0.939492595,0.418974831,0.844229089,2.666666667,0.793833706,2.919554011,3.583320197,1116.365798,.,0.758615977,75,100,3.574249399,.,0,3.384205981,3.5,.,5
55,Mauritania,2010,4.053978683,4.455255493,3,4.073942466,2.270019763,20.23172,1.02138,4.36859,.,30.36300087,0.738449779,2.989022886,2.883838532,2.5,2.403439317,2.650485659,3,2.644103542,0.273377244,0.939492595,0.39757025,0.844229089,2.666666667,0.793833706,2.384652371,3.179658805,1045.367793,.,0.758615977,75,100,2.730836578,.,0,3.535658407,3,.,8
56,Mauritania,2011,3.434121131,4.13884735,3,3.806200713,1.991458238,22.26455,1.02548,4.72853,.,30.43300056,0.738449779,2.984213321,2.533933759,2.5,2.325908246,2.605313023,3,2.225211777,0.272735026,0.939492595,0.39757025,0.844229089,2.666666667,0.793833706,2.611590776,3.221376963,1074.032351,.,0.758615977,56.25,100,2.646004951,.,0,3.561898776,3.5,.,25
57,Mauritania,2012,3.950518021,3.960853002,3,4.368439069,2.343314923,26.43288,1.02255,5.0929,67.97306824,30.51300049,0.738449779,3.699959687,2.817433029,2.5,2.727411564,2.575346233,3,2.098659168,0.275034961,0.939492595,0.39757025,0.844229089,2.666666667,0.793833706,2.824832955,3.447073615,881.5376795,.,0.758615977,50,75,2.898131417,.,0,3.434145795,3.5,.,67
58,Mauritania,2013,3.541418382,3.323402235,3,3.485346471,2.591123029,29.12556,1.03779,5.33482,70.08631134,30.65299988,0.68110663,3.287232559,2.328002941,2.5,2.727586088,2.408630206,3,2.088204588,0.274699223,1.253936562,0.391615515,0.947418181,2.666666667,0.668408216,2.415235324,2.954036853,867.9808523,.,0.735082277,50,100,2.965524029,.,0,2.771292853,3.5,.,54
59,Mauritania,2014,3.124193515,2.999041801,3,3.105538678,2.671667888,29.67945,1.03313,.,67.29286194,30.78300095,0.677145469,3.27216483,2.402166753,3,2.310572023,2.51698308,3,2.274462911,0.275610088,1.253936562,0.36617098,0.947418181,3,0.401261362,2.33116273,2.997687197,839.4112089,.,0.735082277,50,100,2.998833595,.,0,2.527228878,3.5,.,54
60,Mauritania,2015,2.977228739,3.095503395,3,2.977777293,2.478389511,30.34446,1.03198,5.46745,68.05400085,30.88899994,0.653992462,3.060294528,2.476835608,3,2.347130984,2.117790184,3,2.455545275,0.278047695,1.253936562,0.387617326,0.947418181,3,0.313159361,2.035711273,3.0768637,828.7224786,.,0.735082277,50,100,2.998833595,.,0,2.479041752,3.5,.,37
61,Mauritania,2016,2.68485612,2.854460298,3,2.431464305,2.0950269,31.56972,1.05128,5.19566,59.26493835,30.95899963,0.648314518,2.386893168,2.375693426,3,2.279927593,3.033109419,3.5,3.463224309,0.277664741,1.253936562,0.387617326,0.947418181,3,0.318746037,2.843726377,3.281192595,843.1957272,.,0.735082277,50,100,2.133333445,.,0,2.745111005,4,.,21
62,Mauritania,2017,3.381438971,2.371109962,3,2.251245499,1.852791071,.,.,.,.,31.00600052,0.648134146,2.09340167,2.497800589,3,2.009757757,3.017328501,3.5,3.026326656,0.197524254,1.383095064,0.387617326,0.928900419,3,0.384838355,2.852657557,3.929524183,825.6443623,.,0.657093065,50,100,4.152715206,.,0,2.564409733,4,.,54
63,Niger,2009,.,.,3,.,.,11.70498,0.75977,1.38524,39.86164093,67.70500183,0.638703231,.,.,2.5,.,.,3.5,.,0.483535449,1.757292305,0.482339837,.,0,0.852147461,.,.,5.197954485,.,0.789044247,50,100,.,.,69.55900162,.,3.5,.,10
64,Niger,2010,.,.,3,.,.,13.37353,0.78982,1.43374,39.72298813,67.70700073,0.649185176,.,.,3,.,.,3.5,.,0.44874702,1.872230588,0.371070776,.,0,0.866219908,.,.,4.888716854,.,0.769319922,50,75,.,.,66.96872402,.,3.5,.,3
65,Niger,2011,.,.,3,.,.,14.21728,0.79656,1.48817,44.21907043,67.64900208,0.658644322,.,.,3,.,.,3.5,.,0.784274532,1.830795345,0.593328733,1.538810407,6.666666667,0.866219908,.,.,4.799399179,.,0.786412863,50,75,.,.,64.46079483,.,3.5,.,3
66,Niger,2012,.,.,3,.,.,15.4341,0.80847,1.68787,47.81985092,67.65499878,0.782444173,.,.,3,.,.,3.5,.,0.794649174,1.797171115,0.617662455,2.038707366,6.666666667,0.858081243,.,.,4.692178961,.,0.81100419,50,75,.,.,62.03601992,.,3.5,.,2
67,Niger,2013,.,.,3,.,.,16.6676,0.81421,.,47.91381073,67.61499786,0.78996776,.,.,3,.,.,3.5,.,0.835531399,1.926359527,0.617662455,1.676910425,6.666666667,0.888592506,.,.,3.706643934,38.33333333,0.82793387,50,50,.,46.75,59.69704725,.,3.5,23.51959967,13
68,Niger,2014,.,.,3,.,.,18.66008,0.82342,.,57.86875916,67.58999634,0.77598531,.,.,3,.,.,3.5,.,0.837020692,1.926359527,0.617662455,1.676910425,6.666666667,0.888592506,.,.,3.859366764,.,0.82793387,50,50,.,.,57.44659595,.,3.5,.,6
69,Niger,2015,.,.,3.5,.,.,20.56177,0.82359,.,.,67.54499817,0.780684659,.,.,3,.,.,3.5,.,0.835273213,1.926359527,0.617662455,1.676910425,6.666666667,0.888592506,.,.,6.985990074,46.5,0.82793387,50,50,.,53.5,768.9614974,.,3.5,44.5,15
70,Niger,2016,.,.,3.5,.,.,23.59738,0.83565,.,71.62126923,67.51499939,0.786116388,.,.,3,.,.,3,.,0.836047435,1.926359527,0.452144153,1.676910425,2.67,0.888592506,.,.,5.973979474,.,0.82793387,50,75,.,.,657.8633267,.,3.5,.,17
71,Niger,2017,.,.,3.5,.,.,.,.,.,.,67.48500061,0.762832572,.,.,3,.,.,3,.,0.700201407,1.934780522,0.425345951,1.784663011,2.67,0.813326721,.,.,6.253099777,.,0.810703051,50,75,.,.,670.4738406,.,3.5,.,11
72,Nigeria,2009,4.677533764,3.08626915,3.5,4.950465214,3.897225557,39.21422,0.89029,.,73.7726593,48.8730011,0.692178796,1.455884229,4.349761164,3,2.55402325,2.334711157,3,2.282221943,0.743940958,1.554129805,0.134799059,0.903916239,2.666666667,0.593713611,4.076112986,3.494850336,10.10931316,.,0.915917184,0,0,2.878424036,.,0,3.890267464,3,.,42
73,Nigeria,2010,4.508053159,3.124151784,3.5,4.107002616,3.811922418,44.1983,0.90278,9.56658,73.76257324,49.20100021,0.724352519,1.338654291,3.878423595,3,2.389851459,2.230025436,3,2.378450505,0.707747154,1.226336627,0.134799059,0.941740231,2.666666667,0.545288585,3.482023268,3.212966277,9.863899315,.,0.855700838,0,0,2.84241092,.,0,3.329553407,3,.,143
74,Nigeria,2011,4.577994525,3.462811901,3.5,3.726311929,3.797541568,45.53718,0.92109,10.16896,.,49.53900146,0.697081838,1.451096946,3.853279861,3,2.724690759,2.18911932,3,2.575957051,0.709087447,1.226336627,0.293427081,0.941740231,3.666666667,0.545288585,3.710416855,3.496233324,10.52388735,.,0.855700838,0,0,3.000961543,.,0,3.212556158,3,.,67
75,Nigeria,2012,4.448746442,3.643493001,3.5,3.940674339,3.462871342,47.16054,0.9685,.,.,49.88800049,0.72192358,1.689117116,4.002241942,3,2.770312847,2.16156136,3,2.451444425,0.709947252,1.226336627,0.352097754,0.941740231,3.666666667,0.545288585,3.686153793,3.386283184,10.77184254,.,0.855700838,0,50,3.247825138,.,0,3.371229369,3.5,.,194
76,Nigeria,2013,4.607125242,3.235642323,3.5,4.334041017,3.085070502,56.17987,0.96881,.,.,50.23799896,0.733823998,1.812504592,3.574932711,3,2.659408245,1.856756056,3,2.158613383,0.759575447,1.226336627,0.352097754,1.074224205,3.666666667,0.694056989,3.20956349,3.669549155,18.14358753,62.20833333,0.890342955,0,50,2.935500503,59.20833333,1920.510613,3.440226413,3.5,14.58333333,321
77,Nigeria,2014,4.670045583,3.037285967,3.5,4.758791401,2.852730338,.,.,.,.,50.30799866,0.733507988,1.575734043,3.205220965,3,2.677120123,1.754764217,3,2.290418622,0.758758584,1.226336627,0.352097754,1.074224205,3.666666667,0.694056989,3.071349359,4.193646566,51.5395791,.,0.890342955,0,50,2.62124019,.,609.2014858,3.39571231,3.5,.,579
78,Nigeria,2015,4.938376609,2.804346596,3.5,4.732663946,2.652276438,.,.,.,.,50.35599899,0.729901968,1.377894063,3.383274744,3,2.707289125,2.127675166,3,2.143809599,0.84917127,1.226336627,0.459329655,1.54418426,6.666666667,0.694056989,3.318179608,4.474891976,92.71850259,74.20833333,0.914746632,0,50,2.62124019,71.32138391,1156.849445,3.813756264,3.5,21.58333333,771
79,Nigeria,2016,5.130899687,2.926288271,3.5,4.51749361,2.8260098,.,.,.,.,50.32600021,0.730587939,1.436955084,3.20082927,3,2.622679123,2.242348433,3,2.051260538,0.840437085,1.754924557,0.492383216,1.55040099,6.67,0.738152589,3.81468319,4.128728459,123.2923511,.,0.918247438,12.5,50,2.990566015,.,1051.133816,3.994760308,3.5,.,637
80,Nigeria,2017,5.111878395,2.881712198,3.5,4.262121677,2.78690362,.,.,.,.,50.43199921,0.759876674,1.422393203,2.896073818,3,2.518300056,2.08709836,3,2.070115805,0.839330483,1.989408429,0.492383216,1.321175106,6.67,0.800837359,3.625079393,3.707314968,125.1750315,73,0.899356917,25,75,2.957723379,75.9375,894.249562,3.776537895,3.5,24.8125,688
81,Senegal,2009,4.792801192,4.433667141,4,5.873207141,3.780397115,.,.,7.75762,57.43799973,40.34899902,0.822532792,2.850919423,4.723074962,3,3.335129321,2.555808513,3,2.580860833,0.780687394,1.980560967,0.654721801,2.135198425,4,0.791650622,2.741049949,3.698530141,129.9108264,.,0.840344597,68.75,75,4.873213423,.,191.2210877,4.238488744,3.5,.,2
82,Senegal,2010,4.438787075,4.726010252,4,5.387913361,3.617342643,35.71955,.,7.40938,56.7715683,42.43700027,0.834830932,2.309817628,4.495324615,3,3.307106628,2.755655143,3.5,2.776015685,0.782888169,1.936303712,0.654721801,2.135198425,4,0.791650622,3.09336307,3.384669426,125.9423319,.,0.855739867,50,75,4.236705612,.,185.8127477,4.042232581,3.5,.,11
83,Senegal,2011,4.551524641,4.665587307,4,5.257010412,3.82791392,40.88229,1.07413,9.72526,60.13945007,44.53699875,0.834830932,1.743954297,4.112417112,3.5,3.327375672,2.635853266,3.5,2.720715701,0.7851278,1.936303712,0.654721801,2.135198425,4,0.791650622,2.75453644,3.360855577,133.2390039,.,0.855739867,50,50,4.069581066,.,180.438782,4.099692925,4,.,13
84,Senegal,2012,4.644108076,4.765215449,4,5.408953328,3.591737786,44.7227,1.07707,9.79856,59.44857025,44.65200043,0.835250978,1.845551855,4.352304225,3.5,3.191676601,2.483861837,3.5,2.717187534,0.781413069,1.936303712,0.610714627,2.135198425,6.333333333,0.806064914,2.620997983,3.788837475,136.6364961,.,0.845223717,50,75,4.367612825,.,160.5427747,4.073720082,4,.,34
85,Senegal,2013,4.829991642,4.742085566,4,5.190078964,3.52760579,47.45796,1.08961,10.04491,59.84265137,44.75899887,0.859169119,2.33418816,4.476768226,3.5,3.309088559,2.737377668,3.5,2.937896233,0.803361857,2.390821166,0.602764945,2.983299838,6.333333333,0.798559901,3.065522135,3.726494681,140.3792549,52.08333333,0.882118827,50,50,4.536980249,56.83333333,169.9678194,4.006455268,4,21.75,42
86,Senegal,2014,4.474349769,4.312894186,4,4.750394934,3.760167396,49.53817,1.10039,10.37815,60.35475922,44.8769989,0.85913878,2.995273015,3.834588906,3.5,3.360329529,3.231670873,3.5,3.230103727,0.804482982,2.390821166,0.602764945,2.983299838,6.333333333,0.798559901,3.523558608,3.517830264,158.9290773,63.08333333,0.882118827,50,50,4.626441384,58.25,164.9925537,3.946258672,4,29.66666667,108
87,Senegal,2015,4.146986836,4.148684211,4,4.625824722,3.754853826,50.19939,1.09689,10.41796,58.65095901,45.02299881,0.85913878,3.119649187,3.640137426,3.5,3.73180933,3.531954893,3.5,3.35259681,0.802876851,2.390821166,0.602764945,2.983299838,6.333333333,0.798559901,3.758599151,3.698485036,142.0845865,.,0.882118827,50,50,4.626441384,.,160.2457743,4.152652093,4,.,83
88,Senegal,2016,4.324003842,4.423007502,3.5,4.538440109,3.551903884,48.11492,1.1078,10.58478,58.86642075,45.16699982,0.863495618,3.17007023,4.057980306,3.5,4.028664226,3.453471381,3.5,3.292391913,0.802501115,2.390821166,0.602764945,2.983299838,6.33,0.798559901,3.647074363,3.682539574,149.633906,.,0.882118827,50,75,5.072165012,.,155.7267136,4.175670801,4,.,43
89,Senegal,2017,4.461824894,4.550780296,3.5,4.47699213,3.528587341,.,.,.,.,45.52500153,0.863638164,3.595326424,4.163573265,3.5,3.726812124,3.421859741,3.5,3.226475477,0.785588249,2.460961297,0.639785894,2.96289456,6.33,0.825567229,3.701550722,3.698825836,167.5586747,68,0.950817684,50,75,5.013994694,58.91666667,138.7962967,4.27154398,4.5,39.91666667,48
